LocationID,GridCellID,Latitude,Longitude,StateProvince,Country,DensityPer,LandArea
33_-82_Georgia,33_-82,33,-82,Georgia,US,74.0,148959.0
34_-118_California,34_-118,34,-118,California,US,97.0,403466.0
34_-79_South Carolina,34_-79,34,-79,South Carolina,US,69.0,77857.0
35_-76_North Carolina,35_-76,35,-76,North Carolina,US,86.0,125920.0
36_-84_Tennessee,36_-84,36,-84,Tennessee,US,67.0,106798.0
36_-82_North Carolina,36_-82,36,-82,North Carolina,US,86.0,125920.0
36_-76_North Carolina,36_-76,36,-76,North Carolina,US,86.0,125920.0
36_-75_North Carolina,36_-75,36,-75,North Carolina,US,86.0,125920.0
37_-122_California,37_-122,37,-122,California,US,97.0,403466.0
37_-77_Virginia,37_-77,37,-77,Virginia,US,85.0,102279.0
37_-76_Virginia,37_-76,37,-76,Virginia,US,85.0,102279.0
38_-123_California,38_-123,38,-123,California,US,97.0,403466.0
38_-122_California,38_-122,38,-122,California,US,97.0,403466.0
38_-121_California,38_-121,38,-121,California,US,97.0,403466.0
38_-76_Maryland,38_-76,38,-76,Maryland,US,246.0,25142.0
38_-75_Maryland,38_-75,38,-75,Maryland,US,246.0,25142.0
39_-124_California,39_-124,39,-124,California,US,97.0,403466.0
39_-122_California,39_-122,39,-122,California,US,97.0,403466.0
39_-105_Colorado,39_-105,39,-105,Colorado,US,22.0,268431.0
39_-98_Kansas,39_-98,39,-98,Kansas,US,14.0,211754.0
39_-86_Indiana,39_-86,39,-86,Indiana,US,74.0,92789.0
39_-77_Maryland,39_-77,39,-77,Maryland,US,246.0,25142.0
39_-77_Virginia,39_-77,39,-77,Virginia,US,85.0,102279.0
39_-76_Maryland,39_-76,39,-76,Maryland,US,246.0,25142.0
39_-75_Delaware,39_-75,39,-75,Delaware,US,204.0,5047.0
39_-75_New Jersey,39_-75,39,-75,New Jersey,US,488.0,19047.0
39_-74_New Jersey,39_-74,39,-74,New Jersey,US,488.0,19047.0
40_-122_California,40_-122,40,-122,California,US,97.0,403466.0
40_-121_California,40_-121,40,-121,California,US,97.0,403466.0
40_-113_Utah,40_-113,40,-113,Utah,US,16.0,212818.0
40_-105_Colorado,40_-105,40,-105,Colorado,US,22.0,268431.0
40_-81_Ohio,40_-81,40,-81,Ohio,US,111.0,105829.0
40_-78_Maryland,40_-78,40,-78,Maryland,US,246.0,25142.0
40_-77_Pennsylvania,40_-77,40,-77,Pennsylvania,US,112.0,115883.0
40_-76_Pennsylvania,40_-76,40,-76,Pennsylvania,US,112.0,115883.0
40_-75_New Jersey,40_-75,40,-75,New Jersey,US,488.0,19047.0
40_-75_Pennsylvania,40_-75,40,-75,Pennsylvania,US,112.0,115883.0
40_-74_New Jersey,40_-74,40,-74,New Jersey,US,488.0,19047.0
41_-112_Utah,41_-112,41,-112,Utah,US,16.0,212818.0
41_-78_Pennsylvania,41_-78,41,-78,Pennsylvania,US,112.0,115883.0
41_-75_New Jersey,41_-75,41,-75,New Jersey,US,488.0,19047.0
41_-74_New York,41_-74,41,-74,New York,US,160.0,122057.0
41_-73_Connecticut,41_-73,41,-73,Connecticut,US,288.0,12542.0
41_-73_New York,41_-73,41,-73,New York,US,160.0,122057.0
41_-72_New York,41_-72,41,-72,New York,US,160.0,122057.0
41_-72_Connecticut,41_-72,41,-72,Connecticut,US,288.0,12542.0
41_-72_Rhode Island,41_-72,41,-72,Rhode Island,US,409.0,2678.0
41_-71_Rhode Island,41_-71,41,-71,Rhode Island,US,409.0,2678.0
42_-124_California,42_-124,42,-124,California,US,97.0,403466.0
42_-122_California,42_-122,42,-122,California,US,97.0,403466.0
42_-122_Oregon,42_-122,42,-122,Oregon,US,17.0,248608.0
42_-121_California,42_-121,42,-121,California,US,97.0,403466.0
42_-88_Illinois,42_-88,42,-88,Illinois,US,87.0,143793.0
42_-83_Michigan,42_-83,42,-83,Michigan,US,69.0,146435.0
42_-83_Ohio,42_-83,42,-83,Ohio,US,111.0,105829.0
42_-83_Ontario,42_-83,42,-83,Ontario,CA,15.2,1076395.0
42_-82_Ontario,42_-82,42,-82,Ontario,CA,15.2,1076395.0
42_-80_Pennsylvania,42_-80,42,-80,Pennsylvania,US,112.0,115883.0
42_-71_Massachusetts,42_-71,42,-71,Massachusetts,US,347.0,20202.0
42_-71_Rhode Island,42_-71,42,-71,Rhode Island,US,409.0,2678.0
43_-113_Idaho,43_-113,43,-113,Idaho,US,9.2,214045.0
43_-82_Ontario,43_-82,43,-82,Ontario,CA,15.2,1076395.0
43_-80_Ontario,43_-80,43,-80,Ontario,CA,15.2,1076395.0
43_-79_New York,43_-79,43,-79,New York,US,160.0,122057.0
43_-79_Ontario,43_-79,43,-79,Ontario,CA,15.2,1076395.0
43_-71_Massachusetts,43_-71,43,-71,Massachusetts,US,347.0,20202.0
44_-121_Oregon,44_-121,44,-121,Oregon,US,17.0,248608.0
44_-89_Wisconsin,44_-89,44,-89,Wisconsin,US,42.0,140268.0
44_-83_Michigan,44_-83,44,-83,Michigan,US,69.0,146435.0
44_-80_Ontario,44_-80,44,-80,Ontario,CA,15.2,1076395.0
44_-79_Ontario,44_-79,44,-79,Ontario,CA,15.2,1076395.0
45_-123_Oregon,45_-123,45,-123,Oregon,US,17.0,248608.0
45_-121_Oregon,45_-121,45,-121,Oregon,US,17.0,248608.0
45_-86_Michigan,45_-86,45,-86,Michigan,US,69.0,146435.0
45_-80_Ontario,45_-80,45,-80,Ontario,CA,15.2,1076395.0
46_-123_Oregon,46_-123,46,-123,Oregon,US,17.0,248608.0
48_-123_Washington,48_-123,48,-123,Washington,US,45.0,172119.0
48_-122_Washington,48_-122,48,-122,Washington,US,45.0,172119.0
49_-123_British Columbia,49_-123,49,-123,British Columbia,CA,5.4,944735.0
49_-123_Washington,49_-123,49,-123,Washington,US,45.0,172119.0
49_-122_British Columbia,49_-122,49,-122,British Columbia,CA,5.4,944735.0
50_-123_British Columbia,50_-123,50,-123,British Columbia,CA,5.4,944735.0
54_-115_Alberta,54_-115,54,-115,Alberta,CA,6.7,640330.44
34_-84_Georgia,34_-84,34,-84,Georgia,US,74.0,148959.0
37_-93_Missouri,37_-93,37,-93,Missouri,US,35.0,178040.0
38_-75_Virginia,38_-75,38,-75,Virginia,US,85.0,102279.0
40_-116_Nevada,40_-116,40,-116,Nevada,US,11.0,284332.0
41_-77_Pennsylvania,41_-77,41,-77,Pennsylvania,US,112.0,115883.0
41_-74_Connecticut,41_-74,41,-74,Connecticut,US,288.0,12542.0
41_-70_Massachusetts,41_-70,41,-70,Massachusetts,US,347.0,20202.0
42_-70_Massachusetts,42_-70,42,-70,Massachusetts,US,347.0,20202.0
43_-119_Oregon,43_-119,43,-119,Oregon,US,17.0,248608.0
43_-111_Idaho,43_-111,43,-111,Idaho,US,9.2,214045.0
43_-88_Wisconsin,43_-88,43,-88,Wisconsin,US,42.0,140268.0
43_-81_Ontario,43_-81,43,-81,Ontario,CA,15.2,1076395.0
43_-77_New York,43_-77,43,-77,New York,US,160.0,122057.0
44_-111_Wyoming,44_-111,44,-111,Wyoming,US,2.3,251470.0
44_-110_Wyoming,44_-110,44,-110,Wyoming,US,2.3,251470.0
45_-111_Wyoming,45_-111,45,-111,Wyoming,US,2.3,251470.0
45_-110_Wyoming,45_-110,45,-110,Wyoming,US,2.3,251470.0
45_-109_Wyoming,45_-109,45,-109,Wyoming,US,2.3,251470.0
45_-85_Michigan,45_-85,45,-85,Michigan,US,69.0,146435.0
46_-84_Michigan,46_-84,46,-84,Michigan,US,69.0,146435.0
47_-91_Wisconsin,47_-91,47,-91,Wisconsin,US,42.0,140268.0
48_-98_North Dakota,48_-98,48,-98,North Dakota,US,4.4,178711.0
50_-110_Saskatchewan,50_-110,50,-110,Saskatchewan,CA,2.0,588243.56
58_-94_Manitoba,58_-94,58,-94,Manitoba,CA,2.3,552371.0
59_-94_Manitoba,59_-94,59,-94,Manitoba,CA,2.3,552371.0
59_-93_Manitoba,59_-93,59,-93,Manitoba,CA,2.3,552371.0
63_-154_Alaska,63_-154,63,-154,Alaska,US,0.5,1477953.0
63_-150_Alaska,63_-150,63,-150,Alaska,US,0.5,1477953.0
64_-149_Alaska,64_-149,64,-149,Alaska,US,0.5,1477953.0
64_-133_Yukon,64_-133,64,-133,Yukon,CA,0.08,474712.7
66_-135_Yukon,66_-135,66,-135,Yukon,CA,0.08,474712.7
66_-134_Yukon,66_-134,66,-134,Yukon,CA,0.08,474712.7
67_-108_Nunavut,67_-108,67,-108,Nunavut,CA,0.02,1877778.5
68_-140_Yukon,68_-140,68,-140,Yukon,CA,0.08,474712.7
68_-136_Yukon,68_-136,68,-136,Yukon,CA,0.08,474712.7
69_-139_Yukon,69_-139,69,-139,Yukon,CA,0.08,474712.7
69_-138_Yukon,69_-138,69,-138,Yukon,CA,0.08,474712.7
69_-113_Nunavut,69_-113,69,-113,Nunavut,CA,0.02,1877778.5
69_-105_Nunavut,69_-105,69,-105,Nunavut,CA,0.02,1877778.5
70_-162_Alaska,70_-162,70,-162,Alaska,US,0.5,1477953.0
70_-149_Alaska,70_-149,70,-149,Alaska,US,0.5,1477953.0
70_-141_Yukon,70_-141,70,-141,Yukon,CA,0.08,474712.7
70_-112_Northwest Territories,70_-112,70,-112,Northwest Territories,CA,0.04,1143793.9
70_-111_Northwest Territories,70_-111,70,-111,Northwest Territories,CA,0.04,1143793.9
71_-128_Northwest Territories,71_-128,71,-128,Northwest Territories,CA,0.04,1143793.9
73_-114_Northwest Territories,73_-114,73,-114,Northwest Territories,CA,0.04,1143793.9
32_-111_Arizona,32_-111,32,-111,Arizona,US,25.0,294207.0
32_-109_New Mexico,32_-109,32,-109,New Mexico,US,6.7,314161.0
33_-80_South Carolina,33_-80,33,-80,South Carolina,US,69.0,77857.0
35_-109_New Mexico,35_-109,35,-109,New Mexico,US,6.7,314161.0
35_-77_North Carolina,35_-77,35,-77,North Carolina,US,86.0,125920.0
36_-77_North Carolina,36_-77,36,-77,North Carolina,US,86.0,125920.0
37_-115_Nevada,37_-115,37,-115,Nevada,US,11.0,284332.0
38_-113_Utah,38_-113,38,-113,Utah,US,16.0,212818.0
38_-86_Kentucky,38_-86,38,-86,Kentucky,US,44.0,102269.0
38_-82_West Virginia,38_-82,38,-82,West Virginia,US,28.0,62259.0
39_-123_California,39_-123,39,-123,California,US,97.0,403466.0
39_-107_Colorado,39_-107,39,-107,Colorado,US,22.0,268431.0
39_-88_Illinois,39_-88,39,-88,Illinois,US,87.0,143793.0
40_-120_California,40_-120,40,-120,California,US,97.0,403466.0
40_-95_Missouri,40_-95,40,-95,Missouri,US,35.0,178040.0
40_-84_Ohio,40_-84,40,-84,Ohio,US,111.0,105829.0
40_-76_Maryland,40_-76,40,-76,Maryland,US,246.0,25142.0
41_-124_California,41_-124,41,-124,California,US,97.0,403466.0
41_-84_Ohio,41_-84,41,-84,Ohio,US,111.0,105829.0
41_-76_Pennsylvania,41_-76,41,-76,Pennsylvania,US,112.0,115883.0
42_-120_Oregon,42_-120,42,-120,Oregon,US,17.0,248608.0
42_-110_Wyoming,42_-110,42,-110,Wyoming,US,2.3,251470.0
42_-86_Michigan,42_-86,42,-86,Michigan,US,69.0,146435.0
42_-85_Michigan,42_-85,42,-85,Michigan,US,69.0,146435.0
42_-74_New York,42_-74,42,-74,New York,US,160.0,122057.0
43_-85_Michigan,43_-85,43,-85,Michigan,US,69.0,146435.0
43_-78_New York,43_-78,43,-78,New York,US,160.0,122057.0
44_-123_Oregon,44_-123,44,-123,Oregon,US,17.0,248608.0
44_-86_Michigan,44_-86,44,-86,Michigan,US,69.0,146435.0
44_-84_Michigan,44_-84,44,-84,Michigan,US,69.0,146435.0
44_-78_Ontario,44_-78,44,-78,Ontario,CA,15.2,1076395.0
45_-117_Oregon,45_-117,45,-117,Oregon,US,17.0,248608.0
45_-94_Minnesota,45_-94,45,-94,Minnesota,US,28.0,206232.0
47_-123_Washington,47_-123,47,-123,Washington,US,45.0,172119.0
47_-95_Minnesota,47_-95,47,-95,Minnesota,US,28.0,206232.0
47_-88_Michigan,47_-88,47,-88,Michigan,US,69.0,146435.0
48_-123_British Columbia,48_-123,48,-123,British Columbia,CA,5.4,944735.0
48_-114_Montana,48_-114,48,-114,Montana,US,3.0,376962.0
49_-124_British Columbia,49_-124,49,-124,British Columbia,CA,5.4,944735.0
49_-121_British Columbia,49_-121,49,-121,British Columbia,CA,5.4,944735.0
52_-107_Saskatchewan,52_-107,52,-107,Saskatchewan,CA,2.0,588243.56
57_-133_Alaska,57_-133,57,-133,Alaska,US,0.5,1477953.0
41_-74_New Jersey,41_-74,41,-74,New Jersey,US,488.0,19047.0
43_-111_Wyoming,43_-111,43,-111,Wyoming,US,2.3,251470.0
43_-83_Michigan,43_-83,43,-83,Michigan,US,69.0,146435.0
43_-71_Maine,43_-71,43,-71,Maine,US,17.0,79883.0
44_-122_Oregon,44_-122,44,-122,Oregon,US,17.0,248608.0
44_-77_Ontario,44_-77,44,-77,Ontario,CA,15.2,1076395.0
45_-112_Montana,45_-112,45,-112,Montana,US,3.0,376962.0
45_-111_Montana,45_-111,45,-111,Montana,US,3.0,376962.0
45_-76_Ontario,45_-76,45,-76,Ontario,CA,15.2,1076395.0
46_-111_Montana,46_-111,46,-111,Montana,US,3.0,376962.0
46_-85_Michigan,46_-85,46,-85,Michigan,US,69.0,146435.0
53_-77_Quebec,53_-77,53,-77,Quebec,CA,6.5,1542057.0
55_-163_Alaska,55_-163,55,-163,Alaska,US,0.5,1477953.0
55_-120_British Columbia,55_-120,55,-120,British Columbia,CA,5.4,944735.0
55_-119_Alberta,55_-119,55,-119,Alberta,CA,6.7,640330.44
55_-85_Ontario,55_-85,55,-85,Ontario,CA,15.2,1076395.0
64_-165_Alaska,64_-165,64,-165,Alaska,US,0.5,1477953.0
64_-151_Alaska,64_-151,64,-151,Alaska,US,0.5,1477953.0
68_-134_Northwest Territories,68_-134,68,-134,Northwest Territories,CA,0.04,1143793.9
69_-137_Yukon,69_-137,69,-137,Yukon,CA,0.08,474712.7
69_-133_Northwest Territories,69_-133,69,-133,Northwest Territories,CA,0.04,1143793.9
70_-131_Northwest Territories,70_-131,70,-131,Northwest Territories,CA,0.04,1143793.9
70_-130_Northwest Territories,70_-130,70,-130,Northwest Territories,CA,0.04,1143793.9
72_-125_Northwest Territories,72_-125,72,-125,Northwest Territories,CA,0.04,1143793.9
31_-111_Arizona,31_-111,31,-111,Arizona,US,25.0,294207.0
32_-110_Arizona,32_-110,32,-110,Arizona,US,25.0,294207.0
32_-107_New Mexico,32_-107,32,-107,New Mexico,US,6.7,314161.0
33_-112_Arizona,33_-112,33,-112,Arizona,US,25.0,294207.0
34_-119_California,34_-119,34,-119,California,US,97.0,403466.0
34_-107_New Mexico,34_-107,34,-107,New Mexico,US,6.7,314161.0
36_-120_California,36_-120,36,-120,California,US,97.0,403466.0
36_-79_North Carolina,36_-79,36,-79,North Carolina,US,86.0,125920.0
37_-121_California,37_-121,37,-121,California,US,97.0,403466.0
38_-119_California,38_-119,38,-119,California,US,97.0,403466.0
38_-112_Utah,38_-112,38,-112,Utah,US,16.0,212818.0
39_-121_California,39_-121,39,-121,California,US,97.0,403466.0
39_-113_Utah,39_-113,39,-113,Utah,US,16.0,212818.0
39_-112_Utah,39_-112,39,-112,Utah,US,16.0,212818.0
39_-76_Delaware,39_-76,39,-76,Delaware,US,204.0,5047.0
40_-91_Illinois,40_-91,40,-91,Illinois,US,87.0,143793.0
40_-83_Ohio,40_-83,40,-83,Ohio,US,111.0,105829.0
41_-121_California,41_-121,41,-121,California,US,97.0,403466.0
41_-82_Ohio,41_-82,41,-82,Ohio,US,111.0,105829.0
41_-71_Massachusetts,41_-71,41,-71,Massachusetts,US,347.0,20202.0
42_-75_New York,42_-75,42,-75,New York,US,160.0,122057.0
46_-124_Oregon,46_-124,46,-124,Oregon,US,17.0,248608.0
46_-119_Oregon,46_-119,46,-119,Oregon,US,17.0,248608.0
49_-122_Washington,49_-122,49,-122,Washington,US,45.0,172119.0
49_-120_British Columbia,49_-120,49,-120,British Columbia,CA,5.4,944735.0
28_-82_Florida,28_-82,28,-82,Florida,US,163.0,138887.0
30_-88_Alabama,30_-88,30,-88,Alabama,US,39.0,131171.0
33_-104_New Mexico,33_-104,33,-104,New Mexico,US,6.7,314161.0
36_-86_Tennessee,36_-86,36,-86,Tennessee,US,67.0,106798.0
39_-88_Indiana,39_-88,39,-88,Indiana,US,74.0,92789.0
40_-115_Nevada,40_-115,40,-115,Nevada,US,11.0,284332.0
40_-76_Delaware,40_-76,40,-76,Delaware,US,204.0,5047.0
42_-73_Connecticut,42_-73,42,-73,Connecticut,US,288.0,12542.0
44_-116_Idaho,44_-116,44,-116,Idaho,US,9.2,214045.0
44_-76_New York,44_-76,44,-76,New York,US,160.0,122057.0
45_-73_New York,45_-73,45,-73,New York,US,160.0,122057.0
47_-118_Washington,47_-118,47,-118,Washington,US,45.0,172119.0
48_-96_Minnesota,48_-96,48,-96,Minnesota,US,28.0,206232.0
49_-117_British Columbia,49_-117,49,-117,British Columbia,CA,5.4,944735.0
49_-67_Quebec,49_-67,49,-67,Quebec,CA,6.5,1542057.0
53_-113_Alberta,53_-113,53,-113,Alberta,CA,6.7,640330.44
58_-136_Alaska,58_-136,58,-136,Alaska,US,0.5,1477953.0
59_-156_Alaska,59_-156,59,-156,Alaska,US,0.5,1477953.0
33_-117_California,33_-117,33,-117,California,US,97.0,403466.0
35_-121_California,35_-121,35,-121,California,US,97.0,403466.0
36_-119_California,36_-119,36,-119,California,US,97.0,403466.0
37_-114_Utah,37_-114,37,-114,Utah,US,16.0,212818.0
37_-113_Utah,37_-113,37,-113,Utah,US,16.0,212818.0
38_-105_Colorado,38_-105,38,-105,Colorado,US,22.0,268431.0
39_-95_Kansas,39_-95,39,-95,Kansas,US,14.0,211754.0
39_-79_Maryland,39_-79,39,-79,Maryland,US,246.0,25142.0
40_-79_Maryland,40_-79,40,-79,Maryland,US,246.0,25142.0
41_-79_Pennsylvania,41_-79,41,-79,Pennsylvania,US,112.0,115883.0
43_-124_Oregon,43_-124,43,-124,Oregon,US,17.0,248608.0
43_-123_Oregon,43_-123,43,-123,Oregon,US,17.0,248608.0
43_-86_Michigan,43_-86,43,-86,Michigan,US,69.0,146435.0
44_-124_Oregon,44_-124,44,-124,Oregon,US,17.0,248608.0
44_-111_Idaho,44_-111,44,-111,Idaho,US,9.2,214045.0
44_-88_Wisconsin,44_-88,44,-88,Wisconsin,US,42.0,140268.0
44_-76_Ontario,44_-76,44,-76,Ontario,CA,15.2,1076395.0
45_-118_Oregon,45_-118,45,-118,Oregon,US,17.0,248608.0
45_-74_Quebec,45_-74,45,-74,Quebec,CA,6.5,1542057.0
45_-66_New Brunswick,45_-66,45,-66,New Brunswick,CA,10.9,71388.81
45_-64_Nova Scotia,45_-64,45,-64,Nova Scotia,CA,18.4,52942.27
45_-63_Nova Scotia,45_-63,45,-63,Nova Scotia,CA,18.4,52942.27
46_-65_New Brunswick,46_-65,46,-65,New Brunswick,CA,10.9,71388.81
51_-119_British Columbia,51_-119,51,-119,British Columbia,CA,5.4,944735.0
55_-129_British Columbia,55_-129,55,-129,British Columbia,CA,5.4,944735.0
38_-76_Virginia,38_-76,38,-76,Virginia,US,85.0,102279.0
39_-78_Virginia,39_-78,39,-78,Virginia,US,85.0,102279.0
42_-86_Indiana,42_-86,42,-86,Indiana,US,74.0,92789.0
43_-120_Oregon,43_-120,43,-120,Oregon,US,17.0,248608.0
43_-112_Idaho,43_-112,43,-112,Idaho,US,9.2,214045.0
43_-102_South Dakota,43_-102,43,-102,South Dakota,US,4.7,196350.0
45_-116_Idaho,45_-116,45,-116,Idaho,US,9.2,214045.0
45_-111_Idaho,45_-111,45,-111,Idaho,US,9.2,214045.0
45_-93_Minnesota,45_-93,45,-93,Minnesota,US,28.0,206232.0
57_-158_Alaska,57_-158,57,-158,Alaska,US,0.5,1477953.0
59_-123_British Columbia,59_-123,59,-123,British Columbia,CA,5.4,944735.0
60_-137_British Columbia,60_-137,60,-137,British Columbia,CA,5.4,944735.0
60_-126_Yukon,60_-126,60,-126,Yukon,CA,0.08,474712.7
62_-166_Alaska,62_-166,62,-166,Alaska,US,0.5,1477953.0
63_-149_Alaska,63_-149,63,-149,Alaska,US,0.5,1477953.0
63_-92_Nunavut,63_-92,63,-92,Nunavut,CA,0.02,1877778.5
64_-161_Alaska,64_-161,64,-161,Alaska,US,0.5,1477953.0
67_-163_Alaska,67_-163,67,-163,Alaska,US,0.5,1477953.0
68_-139_Yukon,68_-139,68,-139,Yukon,CA,0.08,474712.7
70_-151_Alaska,70_-151,70,-151,Alaska,US,0.5,1477953.0
70_-144_Alaska,70_-144,70,-144,Alaska,US,0.5,1477953.0
70_-139_Yukon,70_-139,70,-139,Yukon,CA,0.08,474712.7
30_-90_Louisiana,30_-90,30,-90,Louisiana,US,41.0,111898.0
30_-84_Florida,30_-84,30,-84,Florida,US,163.0,138887.0
32_-81_South Carolina,32_-81,32,-81,South Carolina,US,69.0,77857.0
33_-107_New Mexico,33_-107,33,-107,New Mexico,US,6.7,314161.0
33_-79_South Carolina,33_-79,33,-79,South Carolina,US,69.0,77857.0
34_-80_South Carolina,34_-80,34,-80,South Carolina,US,69.0,77857.0
34_-79_North Carolina,34_-79,34,-79,North Carolina,US,86.0,125920.0
35_-120_California,35_-120,35,-120,California,US,97.0,403466.0
35_-107_New Mexico,35_-107,35,-107,New Mexico,US,6.7,314161.0
35_-93_Arkansas,35_-93,35,-93,Arkansas,US,23.0,134771.0
36_-112_Arizona,36_-112,36,-112,Arizona,US,25.0,294207.0
37_-118_California,37_-118,37,-118,California,US,97.0,403466.0
37_-88_Tennessee,37_-88,37,-88,Tennessee,US,67.0,106798.0
38_-75_Delaware,38_-75,38,-75,Delaware,US,204.0,5047.0
39_-109_Colorado,39_-109,39,-109,Colorado,US,22.0,268431.0
39_-108_Colorado,39_-108,39,-108,Colorado,US,22.0,268431.0
39_-90_Missouri,39_-90,39,-90,Missouri,US,35.0,178040.0
39_-85_Ohio,39_-85,39,-85,Ohio,US,111.0,105829.0
39_-84_Ohio,39_-84,39,-84,Ohio,US,111.0,105829.0
39_-82_West Virginia,39_-82,39,-82,West Virginia,US,28.0,62259.0
40_-77_Maryland,40_-77,40,-77,Maryland,US,246.0,25142.0
41_-85_Indiana,41_-85,41,-85,Indiana,US,74.0,92789.0
41_-83_Ohio,41_-83,41,-83,Ohio,US,111.0,105829.0
41_-80_Pennsylvania,41_-80,41,-80,Pennsylvania,US,112.0,115883.0
42_-92_Iowa,42_-92,42,-92,Iowa,US,22.0,144669.0
43_-121_Oregon,43_-121,43,-121,Oregon,US,17.0,248608.0
44_-82_Ontario,44_-82,44,-82,Ontario,CA,15.2,1076395.0
44_-81_Ontario,44_-81,44,-81,Ontario,CA,15.2,1076395.0
45_-124_Oregon,45_-124,45,-124,Oregon,US,17.0,248608.0
46_-60_Nova Scotia,46_-60,46,-60,Nova Scotia,CA,18.4,52942.27
49_-125_British Columbia,49_-125,49,-125,British Columbia,CA,5.4,944735.0
49_-119_British Columbia,49_-119,49,-119,British Columbia,CA,5.4,944735.0
50_-125_British Columbia,50_-125,50,-125,British Columbia,CA,5.4,944735.0
51_-107_Saskatchewan,51_-107,51,-107,Saskatchewan,CA,2.0,588243.56
54_-129_British Columbia,54_-129,54,-129,British Columbia,CA,5.4,944735.0
43_-118_Oregon,43_-118,43,-118,Oregon,US,17.0,248608.0
44_-112_Idaho,44_-112,44,-112,Idaho,US,9.2,214045.0
44_-102_South Dakota,44_-102,44,-102,South Dakota,US,4.7,196350.0
46_-86_Michigan,46_-86,46,-86,Michigan,US,69.0,146435.0
48_-113_Montana,48_-113,48,-113,Montana,US,3.0,376962.0
48_-97_North Dakota,48_-97,48,-97,North Dakota,US,4.4,178711.0
50_-102_Saskatchewan,50_-102,50,-102,Saskatchewan,CA,2.0,588243.56
51_-127_British Columbia,51_-127,51,-127,British Columbia,CA,5.4,944735.0
57_-159_Alaska,57_-159,57,-159,Alaska,US,0.5,1477953.0
60_-156_Alaska,60_-156,60,-156,Alaska,US,0.5,1477953.0
61_-166_Alaska,61_-166,61,-166,Alaska,US,0.5,1477953.0
62_-150_Alaska,62_-150,62,-150,Alaska,US,0.5,1477953.0
31_-106_Texas,31_-106,31,-106,Texas,US,45.0,676587.0
32_-106_Texas,32_-106,32,-106,Texas,US,45.0,676587.0
32_-97_Texas,32_-97,32,-97,Texas,US,45.0,676587.0
34_-92_Arkansas,34_-92,34,-92,Arkansas,US,23.0,134771.0
35_-112_Arizona,35_-112,35,-112,Arizona,US,25.0,294207.0
35_-90_Tennessee,35_-90,35,-90,Tennessee,US,67.0,106798.0
35_-88_Tennessee,35_-88,35,-88,Tennessee,US,67.0,106798.0
35_-79_North Carolina,35_-79,35,-79,North Carolina,US,86.0,125920.0
36_-91_Arkansas,36_-91,36,-91,Arkansas,US,23.0,134771.0
38_-120_California,38_-120,38,-120,California,US,97.0,403466.0
38_-96_Kansas,38_-96,38,-96,Kansas,US,14.0,211754.0
38_-95_Kansas,38_-95,38,-95,Kansas,US,14.0,211754.0
38_-81_West Virginia,38_-81,38,-81,West Virginia,US,28.0,62259.0
38_-79_Virginia,38_-79,38,-79,Virginia,US,85.0,102279.0
39_-85_Indiana,39_-85,39,-85,Indiana,US,74.0,92789.0
40_-80_Pennsylvania,40_-80,40,-80,Pennsylvania,US,112.0,115883.0
41_-75_Pennsylvania,41_-75,41,-75,Pennsylvania,US,112.0,115883.0
42_-87_Indiana,42_-87,42,-87,Indiana,US,74.0,92789.0
42_-84_Michigan,42_-84,42,-84,Michigan,US,69.0,146435.0
43_-71_New Hampshire,43_-71,43,-71,New Hampshire,US,60.0,23187.0
46_-66_New Brunswick,46_-66,46,-66,New Brunswick,CA,10.9,71388.81
48_-124_British Columbia,48_-124,48,-124,British Columbia,CA,5.4,944735.0
42_-82_Ohio,42_-82,42,-82,Ohio,US,111.0,105829.0
49_-109_Saskatchewan,49_-109,49,-109,Saskatchewan,CA,2.0,588243.56
50_-119_British Columbia,50_-119,50,-119,British Columbia,CA,5.4,944735.0
50_-98_Manitoba,50_-98,50,-98,Manitoba,CA,2.3,552371.0
50_-97_Manitoba,50_-97,50,-97,Manitoba,CA,2.3,552371.0
52_-123_British Columbia,52_-123,52,-123,British Columbia,CA,5.4,944735.0
61_-165_Alaska,61_-165,61,-165,Alaska,US,0.5,1477953.0
63_-165_Alaska,63_-165,63,-165,Alaska,US,0.5,1477953.0
63_-164_Alaska,63_-164,63,-164,Alaska,US,0.5,1477953.0
65_-165_Alaska,65_-165,65,-165,Alaska,US,0.5,1477953.0
68_-83_Nunavut,68_-83,68,-83,Nunavut,CA,0.02,1877778.5
69_-135_Northwest Territories,69_-135,69,-135,Northwest Territories,CA,0.04,1143793.9
70_-148_Alaska,70_-148,70,-148,Alaska,US,0.5,1477953.0
33_-91_Mississippi,33_-91,33,-91,Mississippi,US,24.0,121531.0
33_-83_Georgia,33_-83,33,-83,Georgia,US,74.0,148959.0
36_-78_North Carolina,36_-78,36,-78,North Carolina,US,86.0,125920.0
37_-89_Illinois,37_-89,37,-89,Illinois,US,87.0,143793.0
37_-89_Missouri,37_-89,37,-89,Missouri,US,35.0,178040.0
37_-85_Kentucky,37_-85,37,-85,Kentucky,US,44.0,102269.0
38_-98_Kansas,38_-98,38,-98,Kansas,US,14.0,211754.0
39_-93_Missouri,39_-93,39,-93,Missouri,US,35.0,178040.0
40_-90_Illinois,40_-90,40,-90,Illinois,US,87.0,143793.0
40_-88_Illinois,40_-88,40,-88,Illinois,US,87.0,143793.0
41_-89_Illinois,41_-89,41,-89,Illinois,US,87.0,143793.0
41_-81_Ohio,41_-81,41,-81,Ohio,US,111.0,105829.0
42_-123_Oregon,42_-123,42,-123,Oregon,US,17.0,248608.0
42_-79_New York,42_-79,42,-79,New York,US,160.0,122057.0
44_-117_Idaho,44_-117,44,-117,Idaho,US,9.2,214045.0
44_-70_Maine,44_-70,44,-70,Maine,US,17.0,79883.0
45_-66_Nova Scotia,45_-66,45,-66,Nova Scotia,CA,18.4,52942.27
46_-123_Washington,46_-123,46,-123,Washington,US,45.0,172119.0
48_-125_Washington,48_-125,48,-125,Washington,US,45.0,172119.0
49_-126_British Columbia,49_-126,49,-126,British Columbia,CA,5.4,944735.0
28_-83_Florida,28_-83,28,-83,Florida,US,163.0,138887.0
40_-86_Indiana,40_-86,40,-86,Indiana,US,74.0,92789.0
42_-102_Nebraska,42_-102,42,-102,Nebraska,US,10.0,198974.0
42_-87_Michigan,42_-87,42,-87,Michigan,US,69.0,146435.0
43_-72_Vermont,43_-72,43,-72,Vermont,US,27.0,23871.0
44_-71_New Hampshire,44_-71,44,-71,New Hampshire,US,60.0,23187.0
46_-78_Ontario,46_-78,46,-78,Ontario,CA,15.2,1076395.0
47_-114_Montana,47_-114,47,-114,Montana,US,3.0,376962.0
52_-106_Saskatchewan,52_-106,52,-106,Saskatchewan,CA,2.0,588243.56
56_-161_Alaska,56_-161,56,-161,Alaska,US,0.5,1477953.0
57_-157_Alaska,57_-157,57,-157,Alaska,US,0.5,1477953.0
61_-104_Nunavut,61_-104,61,-104,Nunavut,CA,0.02,1877778.5
61_-94_Nunavut,61_-94,61,-94,Nunavut,CA,0.02,1877778.5
62_-149_Alaska,62_-149,62,-149,Alaska,US,0.5,1477953.0
62_-103_Nunavut,62_-103,62,-103,Nunavut,CA,0.02,1877778.5
63_-151_Alaska,63_-151,63,-151,Alaska,US,0.5,1477953.0
63_-146_Alaska,63_-146,63,-146,Alaska,US,0.5,1477953.0
69_-142_Alaska,69_-142,69,-142,Alaska,US,0.5,1477953.0
33_-109_New Mexico,33_-109,33,-109,New Mexico,US,6.7,314161.0
33_-97_Texas,33_-97,33,-97,Texas,US,45.0,676587.0
34_-117_California,34_-117,34,-117,California,US,97.0,403466.0
35_-118_California,35_-118,35,-118,California,US,97.0,403466.0
36_-92_Arkansas,36_-92,36,-92,Arkansas,US,23.0,134771.0
38_-88_Kentucky,38_-88,38,-88,Kentucky,US,44.0,102269.0
39_-87_Indiana,39_-87,39,-87,Indiana,US,74.0,92789.0
39_-80_West Virginia,39_-80,39,-80,West Virginia,US,28.0,62259.0
40_-85_Indiana,40_-85,40,-85,Indiana,US,74.0,92789.0
42_-89_Illinois,42_-89,42,-89,Illinois,US,87.0,143793.0
42_-88_Indiana,42_-88,42,-88,Indiana,US,74.0,92789.0
43_-91_Wisconsin,43_-91,43,-91,Wisconsin,US,42.0,140268.0
43_-84_Michigan,43_-84,43,-84,Michigan,US,69.0,146435.0
46_-119_Washington,46_-119,46,-119,Washington,US,45.0,172119.0
47_-124_Washington,47_-124,47,-124,Washington,US,45.0,172119.0
48_-117_Idaho,48_-117,48,-117,Idaho,US,9.2,214045.0
50_-120_British Columbia,50_-120,50,-120,British Columbia,CA,5.4,944735.0
51_-114_Alberta,51_-114,51,-114,Alberta,CA,6.7,640330.44
51_-113_Alberta,51_-113,51,-113,Alberta,CA,6.7,640330.44
55_-123_British Columbia,55_-123,55,-123,British Columbia,CA,5.4,944735.0
43_-114_Idaho,43_-114,43,-114,Idaho,US,9.2,214045.0
45_-113_Montana,45_-113,45,-113,Montana,US,3.0,376962.0
45_-87_Wisconsin,45_-87,45,-87,Wisconsin,US,42.0,140268.0
49_-96_Manitoba,49_-96,49,-96,Manitoba,CA,2.3,552371.0
50_-110_Alberta,50_-110,50,-110,Alberta,CA,6.7,640330.44
51_-112_Alberta,51_-112,51,-112,Alberta,CA,6.7,640330.44
52_-125_British Columbia,52_-125,52,-125,British Columbia,CA,5.4,944735.0
53_-103_Saskatchewan,53_-103,53,-103,Saskatchewan,CA,2.0,588243.56
56_-121_British Columbia,56_-121,56,-121,British Columbia,CA,5.4,944735.0
56_-120_Alberta,56_-120,56,-120,Alberta,CA,6.7,640330.44
56_-120_British Columbia,56_-120,56,-120,British Columbia,CA,5.4,944735.0
58_-78_Quebec,58_-78,58,-78,Quebec,CA,6.5,1542057.0
61_-162_Alaska,61_-162,61,-162,Alaska,US,0.5,1477953.0
67_-164_Alaska,67_-164,67,-164,Alaska,US,0.5,1477953.0
68_-136_Northwest Territories,68_-136,68,-136,Northwest Territories,CA,0.04,1143793.9
68_-126_Northwest Territories,68_-126,68,-126,Northwest Territories,CA,0.04,1143793.9
68_-123_Northwest Territories,68_-123,68,-123,Northwest Territories,CA,0.04,1143793.9
69_-134_Northwest Territories,69_-134,69,-134,Northwest Territories,CA,0.04,1143793.9
69_-127_Northwest Territories,69_-127,69,-127,Northwest Territories,CA,0.04,1143793.9
69_-126_Northwest Territories,69_-126,69,-126,Northwest Territories,CA,0.04,1143793.9
70_-127_Northwest Territories,70_-127,70,-127,Northwest Territories,CA,0.04,1143793.9
71_-153_Alaska,71_-153,71,-153,Alaska,US,0.5,1477953.0
30_-95_Texas,30_-95,30,-95,Texas,US,45.0,676587.0
31_-96_Texas,31_-96,31,-96,Texas,US,45.0,676587.0
34_-78_North Carolina,34_-78,34,-78,North Carolina,US,86.0,125920.0
35_-85_Tennessee,35_-85,35,-85,Tennessee,US,67.0,106798.0
36_-85_Tennessee,36_-85,36,-85,Tennessee,US,67.0,106798.0
36_-80_North Carolina,36_-80,36,-80,North Carolina,US,86.0,125920.0
38_-86_Indiana,38_-86,38,-86,Indiana,US,74.0,92789.0
38_-78_Virginia,38_-78,38,-78,Virginia,US,85.0,102279.0
39_-91_Illinois,39_-91,39,-91,Illinois,US,87.0,143793.0
39_-77_District of Columbia,39_-77,39,-77,District of Columbia,US,4297.0,158.0
40_-74_New York,40_-74,40,-74,New York,US,160.0,122057.0
41_-105_Colorado,41_-105,41,-105,Colorado,US,22.0,268431.0
41_-93_Iowa,41_-93,41,-93,Iowa,US,22.0,144669.0
42_-85_Indiana,42_-85,42,-85,Indiana,US,74.0,92789.0
42_-72_Massachusetts,42_-72,42,-72,Massachusetts,US,347.0,20202.0
43_-116_Idaho,43_-116,43,-116,Idaho,US,9.2,214045.0
44_-119_Oregon,44_-119,44,-119,Oregon,US,17.0,248608.0
46_-122_Oregon,46_-122,46,-122,Oregon,US,17.0,248608.0
51_-120_British Columbia,51_-120,51,-120,British Columbia,CA,5.4,944735.0
42_-73_Massachusetts,42_-73,42,-73,Massachusetts,US,347.0,20202.0
43_-89_Wisconsin,43_-89,43,-89,Wisconsin,US,42.0,140268.0
44_-115_Idaho,44_-115,44,-115,Idaho,US,9.2,214045.0
44_-114_Idaho,44_-114,44,-114,Idaho,US,9.2,214045.0
46_-94_Minnesota,46_-94,46,-94,Minnesota,US,28.0,206232.0
46_-93_Wisconsin,46_-93,46,-93,Wisconsin,US,42.0,140268.0
47_-92_Minnesota,47_-92,47,-92,Minnesota,US,28.0,206232.0
47_-84_Ontario,47_-84,47,-84,Ontario,CA,15.2,1076395.0
48_-118_Washington,48_-118,48,-118,Washington,US,45.0,172119.0
48_-89_Ontario,48_-89,48,-89,Ontario,CA,15.2,1076395.0
48_-67_Quebec,48_-67,48,-67,Quebec,CA,6.5,1542057.0
49_-86_Ontario,49_-86,49,-86,Ontario,CA,15.2,1076395.0
51_-118_British Columbia,51_-118,51,-118,British Columbia,CA,5.4,944735.0
51_-115_Alberta,51_-115,51,-115,Alberta,CA,6.7,640330.44
53_-119_British Columbia,53_-119,53,-119,British Columbia,CA,5.4,944735.0
55_-120_Alberta,55_-120,55,-120,Alberta,CA,6.7,640330.44
57_-135_Alaska,57_-135,57,-135,Alaska,US,0.5,1477953.0
58_-157_Alaska,58_-157,58,-157,Alaska,US,0.5,1477953.0
59_-157_Alaska,59_-157,59,-157,Alaska,US,0.5,1477953.0
60_-161_Alaska,60_-161,60,-161,Alaska,US,0.5,1477953.0
60_-137_Yukon,60_-137,60,-137,Yukon,CA,0.08,474712.7
62_-99_Nunavut,62_-99,62,-99,Nunavut,CA,0.02,1877778.5
62_-98_Nunavut,62_-98,62,-98,Nunavut,CA,0.02,1877778.5
63_-148_Alaska,63_-148,63,-148,Alaska,US,0.5,1477953.0
63_-143_Alaska,63_-143,63,-143,Alaska,US,0.5,1477953.0
63_-98_Nunavut,63_-98,63,-98,Nunavut,CA,0.02,1877778.5
64_-138_Yukon,64_-138,64,-138,Yukon,CA,0.08,474712.7
68_-122_Northwest Territories,68_-122,68,-122,Northwest Territories,CA,0.04,1143793.9
69_-124_Northwest Territories,69_-124,69,-124,Northwest Territories,CA,0.04,1143793.9
69_-123_Northwest Territories,69_-123,69,-123,Northwest Territories,CA,0.04,1143793.9
69_-122_Northwest Territories,69_-122,69,-122,Northwest Territories,CA,0.04,1143793.9
70_-150_Alaska,70_-150,70,-150,Alaska,US,0.5,1477953.0
32_-94_Louisiana,32_-94,32,-94,Louisiana,US,41.0,111898.0
33_-81_South Carolina,33_-81,33,-81,South Carolina,US,69.0,77857.0
35_-92_Arkansas,35_-92,35,-92,Arkansas,US,23.0,134771.0
36_-118_California,36_-118,36,-118,California,US,97.0,403466.0
36_-116_California,36_-116,36,-116,California,US,97.0,403466.0
36_-105_New Mexico,36_-105,36,-105,New Mexico,US,6.7,314161.0
37_-81_Virginia,37_-81,37,-81,Virginia,US,85.0,102279.0
38_-89_Illinois,38_-89,38,-89,Illinois,US,87.0,143793.0
38_-80_Virginia,38_-80,38,-80,Virginia,US,85.0,102279.0
38_-77_Maryland,38_-77,38,-77,Maryland,US,246.0,25142.0
42_-98_Nebraska,42_-98,42,-98,Nebraska,US,10.0,198974.0
42_-91_Iowa,42_-91,42,-91,Iowa,US,22.0,144669.0
42_-90_Illinois,42_-90,42,-90,Illinois,US,87.0,143793.0
42_-90_Iowa,42_-90,42,-90,Iowa,US,22.0,144669.0
42_-81_Ohio,42_-81,42,-81,Ohio,US,111.0,105829.0
42_-76_New York,42_-76,42,-76,New York,US,160.0,122057.0
43_-93_Iowa,43_-93,43,-93,Iowa,US,22.0,144669.0
43_-74_New York,43_-74,43,-74,New York,US,160.0,122057.0
43_-73_Vermont,43_-73,43,-73,Vermont,US,27.0,23871.0
44_-92_Minnesota,44_-92,44,-92,Minnesota,US,28.0,206232.0
46_-120_Oregon,46_-120,46,-120,Oregon,US,17.0,248608.0
41_-88_Illinois,41_-88,41,-88,Illinois,US,87.0,143793.0
41_-88_Indiana,41_-88,41,-88,Indiana,US,74.0,92789.0
45_-92_Wisconsin,45_-92,45,-92,Wisconsin,US,42.0,140268.0
46_-84_Ontario,46_-84,46,-84,Ontario,CA,15.2,1076395.0
47_-96_Minnesota,47_-96,47,-96,Minnesota,US,28.0,206232.0
48_-111_Montana,48_-111,48,-111,Montana,US,3.0,376962.0
52_-103_Saskatchewan,52_-103,52,-103,Saskatchewan,CA,2.0,588243.56
55_-165_Alaska,55_-165,55,-165,Alaska,US,0.5,1477953.0
59_-155_Alaska,59_-155,59,-155,Alaska,US,0.5,1477953.0
61_-146_Alaska,61_-146,61,-146,Alaska,US,0.5,1477953.0
62_-147_Alaska,62_-147,62,-147,Alaska,US,0.5,1477953.0
69_-125_Northwest Territories,69_-125,69,-125,Northwest Territories,CA,0.04,1143793.9
70_-163_Alaska,70_-163,70,-163,Alaska,US,0.5,1477953.0
70_-145_Alaska,70_-145,70,-145,Alaska,US,0.5,1477953.0
27_-99_Texas,27_-99,27,-99,Texas,US,45.0,676587.0
28_-81_Florida,28_-81,28,-81,Florida,US,163.0,138887.0
30_-98_Texas,30_-98,30,-98,Texas,US,45.0,676587.0
31_-88_Alabama,31_-88,31,-88,Alabama,US,39.0,131171.0
32_-85_Alabama,32_-85,32,-85,Alabama,US,39.0,131171.0
34_-111_Arizona,34_-111,34,-111,Arizona,US,25.0,294207.0
34_-91_Mississippi,34_-91,34,-91,Mississippi,US,24.0,121531.0
35_-90_Arkansas,35_-90,35,-90,Arkansas,US,23.0,134771.0
35_-90_Mississippi,35_-90,35,-90,Mississippi,US,24.0,121531.0
36_-89_Tennessee,36_-89,36,-89,Tennessee,US,67.0,106798.0
40_-89_Illinois,40_-89,40,-89,Illinois,US,87.0,143793.0
40_-76_New Jersey,40_-76,40,-76,New Jersey,US,488.0,19047.0
44_-72_New Hampshire,44_-72,44,-72,New Hampshire,US,60.0,23187.0
44_-72_Vermont,44_-72,44,-72,Vermont,US,27.0,23871.0
45_-73_Quebec,45_-73,45,-73,Quebec,CA,6.5,1542057.0
46_-124_Washington,46_-124,46,-124,Washington,US,45.0,172119.0
46_-117_Oregon,46_-117,46,-117,Oregon,US,17.0,248608.0
47_-122_Washington,47_-122,47,-122,Washington,US,45.0,172119.0
47_-121_Washington,47_-121,47,-121,Washington,US,45.0,172119.0
47_-119_Washington,47_-119,47,-119,Washington,US,45.0,172119.0
48_-124_Washington,48_-124,48,-124,Washington,US,45.0,172119.0
48_-119_Washington,48_-119,48,-119,Washington,US,45.0,172119.0
26_-80_Florida,26_-80,26,-80,Florida,US,163.0,138887.0
44_-90_Wisconsin,44_-90,44,-90,Wisconsin,US,42.0,140268.0
45_-110_Montana,45_-110,45,-110,Montana,US,3.0,376962.0
51_-105_Saskatchewan,51_-105,51,-105,Saskatchewan,CA,2.0,588243.56
53_-104_Saskatchewan,53_-104,53,-104,Saskatchewan,CA,2.0,588243.56
54_-79_Quebec,54_-79,54,-79,Quebec,CA,6.5,1542057.0
56_-87_Ontario,56_-87,56,-87,Ontario,CA,15.2,1076395.0
56_-77_Nunavut,56_-77,56,-77,Nunavut,CA,0.02,1877778.5
58_-156_Alaska,58_-156,58,-156,Alaska,US,0.5,1477953.0
59_-152_Alaska,59_-152,59,-152,Alaska,US,0.5,1477953.0
60_-145_Alaska,60_-145,60,-145,Alaska,US,0.5,1477953.0
61_-150_Alaska,61_-150,61,-150,Alaska,US,0.5,1477953.0
61_-148_Alaska,61_-148,61,-148,Alaska,US,0.5,1477953.0
62_-146_Alaska,62_-146,62,-146,Alaska,US,0.5,1477953.0
63_-144_Alaska,63_-144,63,-144,Alaska,US,0.5,1477953.0
63_-82_Nunavut,63_-82,63,-82,Nunavut,CA,0.02,1877778.5
65_-166_Alaska,65_-166,65,-166,Alaska,US,0.5,1477953.0
67_-135_Northwest Territories,67_-135,67,-135,Northwest Territories,CA,0.04,1143793.9
67_-134_Northwest Territories,67_-134,67,-134,Northwest Territories,CA,0.04,1143793.9
68_-157_Alaska,68_-157,68,-157,Alaska,US,0.5,1477953.0
69_-144_Alaska,69_-144,69,-144,Alaska,US,0.5,1477953.0
71_-157_Alaska,71_-157,71,-157,Alaska,US,0.5,1477953.0
29_-96_Texas,29_-96,29,-96,Texas,US,45.0,676587.0
30_-94_Texas,30_-94,30,-94,Texas,US,45.0,676587.0
33_-89_Mississippi,33_-89,33,-89,Mississippi,US,24.0,121531.0
34_-112_Arizona,34_-112,34,-112,Arizona,US,25.0,294207.0
34_-87_Alabama,34_-87,34,-87,Alabama,US,39.0,131171.0
35_-91_Arkansas,35_-91,35,-91,Arkansas,US,23.0,134771.0
36_-94_Arkansas,36_-94,36,-94,Arkansas,US,23.0,134771.0
37_-81_West Virginia,37_-81,37,-81,West Virginia,US,28.0,62259.0
39_-89_Illinois,39_-89,39,-89,Illinois,US,87.0,143793.0
40_-119_Nevada,40_-119,40,-119,Nevada,US,11.0,284332.0
40_-91_Iowa,40_-91,40,-91,Iowa,US,22.0,144669.0
42_-72_Rhode Island,42_-72,42,-72,Rhode Island,US,409.0,2678.0
42_-72_Connecticut,42_-72,42,-72,Connecticut,US,288.0,12542.0
43_-115_Idaho,43_-115,43,-115,Idaho,US,9.2,214045.0
44_-92_Wisconsin,44_-92,44,-92,Wisconsin,US,42.0,140268.0
46_-122_Washington,46_-122,46,-122,Washington,US,45.0,172119.0
48_-53_Newfoundland and Labrador,48_-53,48,-53,Newfoundland and Labrador,CA,1.4,370514.1
50_-124_British Columbia,50_-124,50,-124,British Columbia,CA,5.4,944735.0
51_-121_British Columbia,51_-121,51,-121,British Columbia,CA,5.4,944735.0
55_-131_Alaska,55_-131,55,-131,Alaska,US,0.5,1477953.0
56_-132_Alaska,56_-132,56,-132,Alaska,US,0.5,1477953.0
56_-131_Alaska,56_-131,56,-131,Alaska,US,0.5,1477953.0
58_-152_Alaska,58_-152,58,-152,Alaska,US,0.5,1477953.0
30_-99_Texas,30_-99,30,-99,Texas,US,45.0,676587.0
40_-102_Nebraska,40_-102,40,-102,Nebraska,US,10.0,198974.0
42_-101_Nebraska,42_-101,42,-101,Nebraska,US,10.0,198974.0
43_-102_Nebraska,43_-102,43,-102,Nebraska,US,10.0,198974.0
43_-90_Wisconsin,43_-90,43,-90,Wisconsin,US,42.0,140268.0
44_-85_Michigan,44_-85,44,-85,Michigan,US,69.0,146435.0
48_-117_Washington,48_-117,48,-117,Washington,US,45.0,172119.0
50_-105_Saskatchewan,50_-105,50,-105,Saskatchewan,CA,2.0,588243.56
50_-99_Manitoba,50_-99,50,-99,Manitoba,CA,2.3,552371.0
52_-114_Alberta,52_-114,52,-114,Alberta,CA,6.7,640330.44
52_-104_Saskatchewan,52_-104,52,-104,Saskatchewan,CA,2.0,588243.56
54_-113_Alberta,54_-113,54,-113,Alberta,CA,6.7,640330.44
55_-83_Ontario,55_-83,55,-83,Ontario,CA,15.2,1076395.0
56_-95_Manitoba,56_-95,56,-95,Manitoba,CA,2.3,552371.0
60_-149_Alaska,60_-149,60,-149,Alaska,US,0.5,1477953.0
66_-95_Nunavut,66_-95,66,-95,Nunavut,CA,0.02,1877778.5
68_-146_Alaska,68_-146,68,-146,Alaska,US,0.5,1477953.0
70_-140_Yukon,70_-140,70,-140,Yukon,CA,0.08,474712.7
32_-105_Texas,32_-105,32,-105,Texas,US,45.0,676587.0
34_-90_Mississippi,34_-90,34,-90,Mississippi,US,24.0,121531.0
35_-119_California,35_-119,35,-119,California,US,97.0,403466.0
36_-88_Tennessee,36_-88,36,-88,Tennessee,US,67.0,106798.0
36_-83_Tennessee,36_-83,36,-83,Tennessee,US,67.0,106798.0
37_-90_Missouri,37_-90,37,-90,Missouri,US,35.0,178040.0
37_-79_Virginia,37_-79,37,-79,Virginia,US,85.0,102279.0
38_-77_Virginia,38_-77,38,-77,Virginia,US,85.0,102279.0
39_-79_West Virginia,39_-79,39,-79,West Virginia,US,28.0,62259.0
40_-99_Nebraska,40_-99,40,-99,Nebraska,US,10.0,198974.0
40_-85_Ohio,40_-85,40,-85,Ohio,US,111.0,105829.0
40_-80_West Virginia,40_-80,40,-80,West Virginia,US,28.0,62259.0
41_-122_California,41_-122,41,-122,California,US,97.0,403466.0
41_-111_Utah,41_-111,41,-111,Utah,US,16.0,212818.0
41_-91_Iowa,41_-91,41,-91,Iowa,US,22.0,144669.0
44_-71_Maine,44_-71,44,-71,Maine,US,17.0,79883.0
45_-81_Ontario,45_-81,45,-81,Ontario,CA,15.2,1076395.0
45_-75_New York,45_-75,45,-75,New York,US,160.0,122057.0
46_-121_Washington,46_-121,46,-121,Washington,US,45.0,172119.0
46_-118_Washington,46_-118,46,-118,Washington,US,45.0,172119.0
47_-120_Washington,47_-120,47,-120,Washington,US,45.0,172119.0
49_-114_Alberta,49_-114,49,-114,Alberta,CA,6.7,640330.44
50_-121_British Columbia,50_-121,50,-121,British Columbia,CA,5.4,944735.0
55_-132_Alaska,55_-132,55,-132,Alaska,US,0.5,1477953.0
39_-96_Kansas,39_-96,39,-96,Kansas,US,14.0,211754.0
42_-75_Pennsylvania,42_-75,42,-75,Pennsylvania,US,112.0,115883.0
47_-86_Michigan,47_-86,47,-86,Michigan,US,69.0,146435.0
49_-110_Alberta,49_-110,49,-110,Alberta,CA,6.7,640330.44
56_-122_British Columbia,56_-122,56,-122,British Columbia,CA,5.4,944735.0
58_-135_Alaska,58_-135,58,-135,Alaska,US,0.5,1477953.0
59_-135_Alaska,59_-135,59,-135,Alaska,US,0.5,1477953.0
60_-152_Alaska,60_-152,60,-152,Alaska,US,0.5,1477953.0
60_-151_Alaska,60_-151,60,-151,Alaska,US,0.5,1477953.0
60_-133_Yukon,60_-133,60,-133,Yukon,CA,0.08,474712.7
61_-138_Yukon,61_-138,61,-138,Yukon,CA,0.08,474712.7
61_-137_Yukon,61_-137,61,-137,Yukon,CA,0.08,474712.7
61_-135_Yukon,61_-135,61,-135,Yukon,CA,0.08,474712.7
62_-148_Alaska,62_-148,62,-148,Alaska,US,0.5,1477953.0
63_-142_Alaska,63_-142,63,-142,Alaska,US,0.5,1477953.0
65_-148_Alaska,65_-148,65,-148,Alaska,US,0.5,1477953.0
26_-82_Florida,26_-82,26,-82,Florida,US,163.0,138887.0
31_-98_Texas,31_-98,31,-98,Texas,US,45.0,676587.0
35_-104_New Mexico,35_-104,35,-104,New Mexico,US,6.7,314161.0
37_-97_Kansas,37_-97,37,-97,Kansas,US,14.0,211754.0
37_-78_Virginia,37_-78,37,-78,Virginia,US,85.0,102279.0
38_-104_Colorado,38_-104,38,-104,Colorado,US,22.0,268431.0
38_-90_Missouri,38_-90,38,-90,Missouri,US,35.0,178040.0
39_-120_Nevada,39_-120,39,-120,Nevada,US,11.0,284332.0
39_-119_Nevada,39_-119,39,-119,Nevada,US,11.0,284332.0
41_-96_Iowa,41_-96,41,-96,Iowa,US,22.0,144669.0
42_-112_Utah,42_-112,42,-112,Utah,US,16.0,212818.0
42_-94_Iowa,42_-94,42,-94,Iowa,US,22.0,144669.0
42_-77_New York,42_-77,42,-77,New York,US,160.0,122057.0
43_-76_New York,43_-76,43,-76,New York,US,160.0,122057.0
43_-73_Massachusetts,43_-73,43,-73,Massachusetts,US,347.0,20202.0
45_-67_New Brunswick,45_-67,45,-67,New Brunswick,CA,10.9,71388.81
33_-98_Texas,33_-98,33,-98,Texas,US,45.0,676587.0
44_-73_Vermont,44_-73,44,-73,Vermont,US,27.0,23871.0
45_-84_Michigan,45_-84,45,-84,Michigan,US,69.0,146435.0
45_-73_Vermont,45_-73,45,-73,Vermont,US,27.0,23871.0
48_-65_New Brunswick,48_-65,48,-65,New Brunswick,CA,10.9,71388.81
48_-65_Quebec,48_-65,48,-65,Quebec,CA,6.5,1542057.0
51_-116_British Columbia,51_-116,51,-116,British Columbia,CA,5.4,944735.0
58_-68_Quebec,58_-68,58,-68,Quebec,CA,6.5,1542057.0
59_-138_British Columbia,59_-138,59,-138,British Columbia,CA,5.4,944735.0
60_-135_British Columbia,60_-135,60,-135,British Columbia,CA,5.4,944735.0
60_-77_Quebec,60_-77,60,-77,Quebec,CA,6.5,1542057.0
64_-150_Alaska,64_-150,64,-150,Alaska,US,0.5,1477953.0
65_-149_Alaska,65_-149,65,-149,Alaska,US,0.5,1477953.0
66_-151_Alaska,66_-151,66,-151,Alaska,US,0.5,1477953.0
70_-129_Northwest Territories,70_-129,70,-129,Northwest Territories,CA,0.04,1143793.9
29_-98_Texas,29_-98,29,-98,Texas,US,45.0,676587.0
32_-109_Arizona,32_-109,32,-109,Arizona,US,25.0,294207.0
34_-120_California,34_-120,34,-120,California,US,97.0,403466.0
34_-91_Arkansas,34_-91,34,-91,Arkansas,US,23.0,134771.0
35_-100_Oklahoma,35_-100,35,-100,Oklahoma,US,23.0,177660.0
35_-87_Alabama,35_-87,35,-87,Alabama,US,39.0,131171.0
36_-106_New Mexico,36_-106,36,-106,New Mexico,US,6.7,314161.0
36_-97_Oklahoma,36_-97,36,-97,Oklahoma,US,23.0,177660.0
37_-82_Tennessee,37_-82,37,-82,Tennessee,US,67.0,106798.0
39_-83_Ohio,39_-83,39,-83,Ohio,US,111.0,105829.0
40_-93_Missouri,40_-93,40,-93,Missouri,US,35.0,178040.0
40_-81_West Virginia,40_-81,40,-81,West Virginia,US,28.0,62259.0
41_-123_California,41_-123,41,-123,California,US,97.0,403466.0
42_-119_Oregon,42_-119,42,-119,Oregon,US,17.0,248608.0
43_-106_Wyoming,43_-106,43,-106,Wyoming,US,2.3,251470.0
43_-82_Michigan,43_-82,43,-82,Michigan,US,69.0,146435.0
43_-72_New Hampshire,43_-72,43,-72,New Hampshire,US,60.0,23187.0
47_-117_Idaho,47_-117,47,-117,Idaho,US,9.2,214045.0
47_-84_Michigan,47_-84,47,-84,Michigan,US,69.0,146435.0
49_-121_Washington,49_-121,49,-121,Washington,US,45.0,172119.0
54_-124_British Columbia,54_-124,54,-124,British Columbia,CA,5.4,944735.0
43_-110_Wyoming,43_-110,43,-110,Wyoming,US,2.3,251470.0
43_-109_Wyoming,43_-109,43,-109,Wyoming,US,2.3,251470.0
45_-75_Ontario,45_-75,45,-75,Ontario,CA,15.2,1076395.0
45_-75_Quebec,45_-75,45,-75,Quebec,CA,6.5,1542057.0
46_-79_Ontario,46_-79,46,-79,Ontario,CA,15.2,1076395.0
46_-73_Quebec,46_-73,46,-73,Quebec,CA,6.5,1542057.0
48_-121_Washington,48_-121,48,-121,Washington,US,45.0,172119.0
48_-80_Ontario,48_-80,48,-80,Ontario,CA,15.2,1076395.0
49_-114_Montana,49_-114,49,-114,Montana,US,3.0,376962.0
49_-96_Minnesota,49_-96,49,-96,Minnesota,US,28.0,206232.0
55_-161_Alaska,55_-161,55,-161,Alaska,US,0.5,1477953.0
61_-147_Alaska,61_-147,61,-147,Alaska,US,0.5,1477953.0
61_-98_Nunavut,61_-98,61,-98,Nunavut,CA,0.02,1877778.5
62_-145_Alaska,62_-145,62,-145,Alaska,US,0.5,1477953.0
63_-132_Yukon,63_-132,63,-132,Yukon,CA,0.08,474712.7
68_-94_Nunavut,68_-94,68,-94,Nunavut,CA,0.02,1877778.5
68_-93_Nunavut,68_-93,68,-93,Nunavut,CA,0.02,1877778.5
69_-93_Nunavut,69_-93,69,-93,Nunavut,CA,0.02,1877778.5
70_-146_Alaska,70_-146,70,-146,Alaska,US,0.5,1477953.0
70_-142_Alaska,70_-142,70,-142,Alaska,US,0.5,1477953.0
29_-95_Texas,29_-95,29,-95,Texas,US,45.0,676587.0
29_-81_Florida,29_-81,29,-81,Florida,US,163.0,138887.0
36_-121_California,36_-121,36,-121,California,US,97.0,403466.0
36_-100_Texas,36_-100,36,-100,Texas,US,45.0,676587.0
37_-105_New Mexico,37_-105,37,-105,New Mexico,US,6.7,314161.0
37_-89_Kentucky,37_-89,37,-89,Kentucky,US,44.0,102269.0
37_-80_Virginia,37_-80,37,-80,Virginia,US,85.0,102279.0
39_-90_Illinois,39_-90,39,-90,Illinois,US,87.0,143793.0
39_-78_Maryland,39_-78,39,-78,Maryland,US,246.0,25142.0
42_-95_Iowa,42_-95,42,-95,Iowa,US,22.0,144669.0
43_-72_Massachusetts,43_-72,43,-72,Massachusetts,US,347.0,20202.0
46_-112_Montana,46_-112,46,-112,Montana,US,3.0,376962.0
47_-115_Montana,47_-115,47,-115,Montana,US,3.0,376962.0
49_-111_Alberta,49_-111,49,-111,Alberta,CA,6.7,640330.44
40_-87_Indiana,40_-87,40,-87,Indiana,US,74.0,92789.0
40_-79_Pennsylvania,40_-79,40,-79,Pennsylvania,US,112.0,115883.0
43_-95_Iowa,43_-95,43,-95,Iowa,US,22.0,144669.0
43_-91_Iowa,43_-91,43,-91,Iowa,US,22.0,144669.0
44_-93_Minnesota,44_-93,44,-93,Minnesota,US,28.0,206232.0
45_-93_Wisconsin,45_-93,45,-93,Wisconsin,US,42.0,140268.0
45_-90_Wisconsin,45_-90,45,-90,Wisconsin,US,42.0,140268.0
45_-83_Michigan,45_-83,45,-83,Michigan,US,69.0,146435.0
46_-91_Wisconsin,46_-91,46,-91,Wisconsin,US,42.0,140268.0
46_-90_Wisconsin,46_-90,46,-90,Wisconsin,US,42.0,140268.0
47_-89_Michigan,47_-89,47,-89,Michigan,US,69.0,146435.0
47_-71_Quebec,47_-71,47,-71,Quebec,CA,6.5,1542057.0
47_-70_Quebec,47_-70,47,-70,Quebec,CA,6.5,1542057.0
48_-70_Quebec,48_-70,48,-70,Quebec,CA,6.5,1542057.0
48_-69_Quebec,48_-69,48,-69,Quebec,CA,6.5,1542057.0
51_-123_British Columbia,51_-123,51,-123,British Columbia,CA,5.4,944735.0
52_-108_Saskatchewan,52_-108,52,-108,Saskatchewan,CA,2.0,588243.56
58_-134_Alaska,58_-134,58,-134,Alaska,US,0.5,1477953.0
59_-162_Alaska,59_-162,59,-162,Alaska,US,0.5,1477953.0
59_-136_Alaska,59_-136,59,-136,Alaska,US,0.5,1477953.0
60_-150_Alaska,60_-150,60,-150,Alaska,US,0.5,1477953.0
61_-149_Alaska,61_-149,61,-149,Alaska,US,0.5,1477953.0
62_-141_Yukon,62_-141,62,-141,Yukon,CA,0.08,474712.7
63_-147_Alaska,63_-147,63,-147,Alaska,US,0.5,1477953.0
63_-141_Yukon,63_-141,63,-141,Yukon,CA,0.08,474712.7
63_-83_Nunavut,63_-83,63,-83,Nunavut,CA,0.02,1877778.5
65_-111_Northwest Territories,65_-111,65,-111,Northwest Territories,CA,0.04,1143793.9
65_-110_Northwest Territories,65_-110,65,-110,Northwest Territories,CA,0.04,1143793.9
66_-126_Northwest Territories,66_-126,66,-126,Northwest Territories,CA,0.04,1143793.9
68_-108_Nunavut,68_-108,68,-108,Nunavut,CA,0.02,1877778.5
70_-108_Nunavut,70_-108,70,-108,Nunavut,CA,0.02,1877778.5
73_-120_Northwest Territories,73_-120,73,-120,Northwest Territories,CA,0.04,1143793.9
33_-91_Arkansas,33_-91,33,-91,Arkansas,US,23.0,134771.0
36_-83_North Carolina,36_-83,36,-83,North Carolina,US,86.0,125920.0
37_-78_North Carolina,37_-78,37,-78,North Carolina,US,86.0,125920.0
38_-114_Utah,38_-114,38,-114,Utah,US,16.0,212818.0
38_-97_Kansas,38_-97,38,-97,Kansas,US,14.0,211754.0
38_-84_Kentucky,38_-84,38,-84,Kentucky,US,44.0,102269.0
38_-83_Kentucky,38_-83,38,-83,Kentucky,US,44.0,102269.0
39_-94_Missouri,39_-94,39,-94,Missouri,US,35.0,178040.0
39_-92_Missouri,39_-92,39,-92,Missouri,US,35.0,178040.0
41_-102_Nebraska,41_-102,41,-102,Nebraska,US,10.0,198974.0
43_-122_Oregon,43_-122,43,-122,Oregon,US,17.0,248608.0
45_-72_Quebec,45_-72,45,-72,Quebec,CA,6.5,1542057.0
46_-72_Quebec,46_-72,46,-72,Quebec,CA,6.5,1542057.0
41_-120_California,41_-120,41,-120,California,US,97.0,403466.0
44_-91_Wisconsin,44_-91,44,-91,Wisconsin,US,42.0,140268.0
46_-92_Wisconsin,46_-92,46,-92,Wisconsin,US,42.0,140268.0
46_-89_Wisconsin,46_-89,46,-89,Wisconsin,US,42.0,140268.0
48_-79_Quebec,48_-79,48,-79,Quebec,CA,6.5,1542057.0
49_-88_Ontario,49_-88,49,-88,Ontario,CA,15.2,1076395.0
49_-64_Quebec,49_-64,49,-64,Quebec,CA,6.5,1542057.0
53_-118_Alberta,53_-118,53,-118,Alberta,CA,6.7,640330.44
55_-160_Alaska,55_-160,55,-160,Alaska,US,0.5,1477953.0
56_-88_Ontario,56_-88,56,-88,Ontario,CA,15.2,1076395.0
59_-161_Alaska,59_-161,59,-161,Alaska,US,0.5,1477953.0
59_-159_Alaska,59_-159,59,-159,Alaska,US,0.5,1477953.0
60_-78_Quebec,60_-78,60,-78,Quebec,CA,6.5,1542057.0
61_-144_Alaska,61_-144,61,-144,Alaska,US,0.5,1477953.0
61_-78_Quebec,61_-78,61,-78,Quebec,CA,6.5,1542057.0
62_-151_Alaska,62_-151,62,-151,Alaska,US,0.5,1477953.0
68_-107_Nunavut,68_-107,68,-107,Nunavut,CA,0.02,1877778.5
68_-106_Nunavut,68_-106,68,-106,Nunavut,CA,0.02,1877778.5
68_-84_Nunavut,68_-84,68,-84,Nunavut,CA,0.02,1877778.5
71_-118_Northwest Territories,71_-118,71,-118,Northwest Territories,CA,0.04,1143793.9
72_-123_Northwest Territories,72_-123,72,-123,Northwest Territories,CA,0.04,1143793.9
32_-100_Texas,32_-100,32,-100,Texas,US,45.0,676587.0
36_-122_California,36_-122,36,-122,California,US,97.0,403466.0
37_-117_California,37_-117,37,-117,California,US,97.0,403466.0
37_-87_Kentucky,37_-87,37,-87,Kentucky,US,44.0,102269.0
37_-76_North Carolina,37_-76,37,-76,North Carolina,US,86.0,125920.0
38_-83_West Virginia,38_-83,38,-83,West Virginia,US,28.0,62259.0
41_-87_Indiana,41_-87,41,-87,Indiana,US,74.0,92789.0
42_-124_Oregon,42_-124,42,-124,Oregon,US,17.0,248608.0
42_-76_Pennsylvania,42_-76,42,-76,Pennsylvania,US,112.0,115883.0
45_-76_Quebec,45_-76,45,-76,Quebec,CA,6.5,1542057.0
46_-120_Washington,46_-120,46,-120,Washington,US,45.0,172119.0
54_-125_British Columbia,54_-125,54,-125,British Columbia,CA,5.4,944735.0
35_-117_California,35_-117,35,-117,California,US,97.0,403466.0
44_-120_Oregon,44_-120,44,-120,Oregon,US,17.0,248608.0
45_-91_Wisconsin,45_-91,45,-91,Wisconsin,US,42.0,140268.0
45_-79_Ontario,45_-79,45,-79,Ontario,CA,15.2,1076395.0
46_-93_Minnesota,46_-93,46,-93,Minnesota,US,28.0,206232.0
46_-81_Ontario,46_-81,46,-81,Ontario,CA,15.2,1076395.0
53_-128_British Columbia,53_-128,53,-128,British Columbia,CA,5.4,944735.0
56_-77_Quebec,56_-77,56,-77,Quebec,CA,6.5,1542057.0
60_-125_Yukon,60_-125,60,-125,Yukon,CA,0.08,474712.7
61_-154_Alaska,61_-154,61,-154,Alaska,US,0.5,1477953.0
61_-151_Alaska,61_-151,61,-151,Alaska,US,0.5,1477953.0
62_-127_Northwest Territories,62_-127,62,-127,Northwest Territories,CA,0.04,1143793.9
63_-114_Northwest Territories,63_-114,63,-114,Northwest Territories,CA,0.04,1143793.9
64_-82_Nunavut,64_-82,64,-82,Nunavut,CA,0.02,1877778.5
65_-164_Alaska,65_-164,65,-164,Alaska,US,0.5,1477953.0
65_-143_Alaska,65_-143,65,-143,Alaska,US,0.5,1477953.0
66_-89_Nunavut,66_-89,66,-89,Nunavut,CA,0.02,1877778.5
68_-110_Nunavut,68_-110,68,-110,Nunavut,CA,0.02,1877778.5
68_-109_Nunavut,68_-109,68,-109,Nunavut,CA,0.02,1877778.5
68_-104_Nunavut,68_-104,68,-104,Nunavut,CA,0.02,1877778.5
68_-75_Nunavut,68_-75,68,-75,Nunavut,CA,0.02,1877778.5
68_-74_Nunavut,68_-74,68,-74,Nunavut,CA,0.02,1877778.5
69_-99_Nunavut,69_-99,69,-99,Nunavut,CA,0.02,1877778.5
69_-96_Nunavut,69_-96,69,-96,Nunavut,CA,0.02,1877778.5
70_-110_Northwest Territories,70_-110,70,-110,Northwest Territories,CA,0.04,1143793.9
74_-121_Northwest Territories,74_-121,74,-121,Northwest Territories,CA,0.04,1143793.9
33_-114_Arizona,33_-114,33,-114,Arizona,US,25.0,294207.0
35_-82_South Carolina,35_-82,35,-82,South Carolina,US,69.0,77857.0
37_-120_California,37_-120,37,-120,California,US,97.0,403466.0
37_-108_New Mexico,37_-108,37,-108,New Mexico,US,6.7,314161.0
39_-114_Utah,39_-114,39,-114,Utah,US,16.0,212818.0
40_-112_Utah,40_-112,40,-112,Utah,US,16.0,212818.0
40_-78_West Virginia,40_-78,40,-78,West Virginia,US,28.0,62259.0
42_-81_Pennsylvania,42_-81,42,-81,Pennsylvania,US,112.0,115883.0
43_-125_Oregon,43_-125,43,-125,Oregon,US,17.0,248608.0
45_-72_Vermont,45_-72,45,-72,Vermont,US,27.0,23871.0
46_-117_Idaho,46_-117,46,-117,Idaho,US,9.2,214045.0
46_-75_Ontario,46_-75,46,-75,Ontario,CA,15.2,1076395.0
46_-74_Quebec,46_-74,46,-74,Quebec,CA,6.5,1542057.0
47_-112_Montana,47_-112,47,-112,Montana,US,3.0,376962.0
48_-120_Washington,48_-120,48,-120,Washington,US,45.0,172119.0
54_-114_Alberta,54_-114,54,-114,Alberta,CA,6.7,640330.44
45_-89_Wisconsin,45_-89,45,-89,Wisconsin,US,42.0,140268.0
45_-88_Wisconsin,45_-88,45,-88,Wisconsin,US,42.0,140268.0
47_-85_Michigan,47_-85,47,-85,Michigan,US,69.0,146435.0
48_-116_Montana,48_-116,48,-116,Montana,US,3.0,376962.0
50_-117_British Columbia,50_-117,50,-117,British Columbia,CA,5.4,944735.0
53_-81_Nunavut,53_-81,53,-81,Nunavut,CA,0.02,1877778.5
59_-138_Alaska,59_-138,59,-138,Alaska,US,0.5,1477953.0
62_-164_Alaska,62_-164,62,-164,Alaska,US,0.5,1477953.0
62_-163_Alaska,62_-163,62,-163,Alaska,US,0.5,1477953.0
62_-162_Alaska,62_-162,62,-162,Alaska,US,0.5,1477953.0
62_-161_Alaska,62_-161,62,-161,Alaska,US,0.5,1477953.0
62_-160_Alaska,62_-160,62,-160,Alaska,US,0.5,1477953.0
62_-159_Alaska,62_-159,62,-159,Alaska,US,0.5,1477953.0
62_-143_Alaska,62_-143,62,-143,Alaska,US,0.5,1477953.0
62_-123_Northwest Territories,62_-123,62,-123,Northwest Territories,CA,0.04,1143793.9
63_-141_Alaska,63_-141,63,-141,Alaska,US,0.5,1477953.0
63_-137_Yukon,63_-137,63,-137,Yukon,CA,0.08,474712.7
64_-160_Alaska,64_-160,64,-160,Alaska,US,0.5,1477953.0
64_-152_Alaska,64_-152,64,-152,Alaska,US,0.5,1477953.0
64_-69_Nunavut,64_-69,64,-69,Nunavut,CA,0.02,1877778.5
67_-150_Alaska,67_-150,67,-150,Alaska,US,0.5,1477953.0
67_-109_Nunavut,67_-109,67,-109,Nunavut,CA,0.02,1877778.5
68_-149_Alaska,68_-149,68,-149,Alaska,US,0.5,1477953.0
69_-102_Nunavut,69_-102,69,-102,Nunavut,CA,0.02,1877778.5
70_-122_Northwest Territories,70_-122,70,-122,Northwest Territories,CA,0.04,1143793.9
71_-156_Alaska,71_-156,71,-156,Alaska,US,0.5,1477953.0
33_-84_Georgia,33_-84,33,-84,Georgia,US,74.0,148959.0
37_-119_California,37_-119,37,-119,California,US,97.0,403466.0
37_-88_Kentucky,37_-88,37,-88,Kentucky,US,44.0,102269.0
38_-101_Kansas,38_-101,38,-101,Kansas,US,14.0,211754.0
38_-99_Kansas,38_-99,38,-99,Kansas,US,14.0,211754.0
38_-90_Illinois,38_-90,38,-90,Illinois,US,87.0,143793.0
38_-88_Indiana,38_-88,38,-88,Indiana,US,74.0,92789.0
39_-97_Kansas,39_-97,39,-97,Kansas,US,14.0,211754.0
39_-91_Missouri,39_-91,39,-91,Missouri,US,35.0,178040.0
40_-88_Indiana,40_-88,40,-88,Indiana,US,74.0,92789.0
42_-111_Utah,42_-111,42,-111,Utah,US,16.0,212818.0
46_-98_South Dakota,46_-98,46,-98,South Dakota,US,4.7,196350.0
46_-76_Quebec,46_-76,46,-76,Quebec,CA,6.5,1542057.0
46_-97_North Dakota,46_-97,46,-97,North Dakota,US,4.4,178711.0
46_-95_Minnesota,46_-95,46,-95,Minnesota,US,28.0,206232.0
48_-97_Minnesota,48_-97,48,-97,Minnesota,US,28.0,206232.0
50_-116_British Columbia,50_-116,50,-116,British Columbia,CA,5.4,944735.0
51_-116_Alberta,51_-116,51,-116,Alberta,CA,6.7,640330.44
55_-112_Alberta,55_-112,55,-112,Alberta,CA,6.7,640330.44
60_-123_Northwest Territories,60_-123,60,-123,Northwest Territories,CA,0.04,1143793.9
61_-161_Alaska,61_-161,61,-161,Alaska,US,0.5,1477953.0
61_-160_Alaska,61_-160,61,-160,Alaska,US,0.5,1477953.0
61_-130_Yukon,61_-130,61,-130,Yukon,CA,0.08,474712.7
61_-126_Yukon,61_-126,61,-126,Yukon,CA,0.08,474712.7
62_-136_Yukon,62_-136,62,-136,Yukon,CA,0.08,474712.7
62_-130_Yukon,62_-130,62,-130,Yukon,CA,0.08,474712.7
62_-114_Northwest Territories,62_-114,62,-114,Northwest Territories,CA,0.04,1143793.9
63_-161_Alaska,63_-161,63,-161,Alaska,US,0.5,1477953.0
64_-146_Alaska,64_-146,64,-146,Alaska,US,0.5,1477953.0
64_-136_Yukon,64_-136,64,-136,Yukon,CA,0.08,474712.7
67_-135_Yukon,67_-135,67,-135,Yukon,CA,0.08,474712.7
67_-134_Yukon,67_-134,67,-134,Yukon,CA,0.08,474712.7
67_-101_Nunavut,67_-101,67,-101,Nunavut,CA,0.02,1877778.5
68_-141_Yukon,68_-141,68,-141,Yukon,CA,0.08,474712.7
69_-121_Nunavut,69_-121,69,-121,Nunavut,CA,0.02,1877778.5
74_-120_Northwest Territories,74_-120,74,-120,Northwest Territories,CA,0.04,1143793.9
30_-81_Florida,30_-81,30,-81,Florida,US,163.0,138887.0
34_-99_Texas,34_-99,34,-99,Texas,US,45.0,676587.0
34_-95_Oklahoma,34_-95,34,-95,Oklahoma,US,23.0,177660.0
34_-82_Georgia,34_-82,34,-82,Georgia,US,74.0,148959.0
35_-80_North Carolina,35_-80,35,-80,North Carolina,US,86.0,125920.0
35_-78_North Carolina,35_-78,35,-78,North Carolina,US,86.0,125920.0
37_-103_Oklahoma,37_-103,37,-103,Oklahoma,US,23.0,177660.0
37_-85_Tennessee,37_-85,37,-85,Tennessee,US,67.0,106798.0
39_-85_Kentucky,39_-85,39,-85,Kentucky,US,44.0,102269.0
40_-120_Nevada,40_-120,40,-120,Nevada,US,11.0,284332.0
40_-118_Nevada,40_-118,40,-118,Nevada,US,11.0,284332.0
40_-82_Ohio,40_-82,40,-82,Ohio,US,111.0,105829.0
41_-96_Nebraska,41_-96,41,-96,Nebraska,US,10.0,198974.0
42_-99_Nebraska,42_-99,42,-99,Nebraska,US,10.0,198974.0
43_-98_Nebraska,43_-98,43,-98,Nebraska,US,10.0,198974.0
46_-114_Montana,46_-114,46,-114,Montana,US,3.0,376962.0
51_-96_Manitoba,51_-96,51,-96,Manitoba,CA,2.3,552371.0
56_-133_Alaska,56_-133,56,-133,Alaska,US,0.5,1477953.0
41_-116_Nevada,41_-116,41,-116,Nevada,US,11.0,284332.0
41_-91_Illinois,41_-91,41,-91,Illinois,US,87.0,143793.0
41_-90_Illinois,41_-90,41,-90,Illinois,US,87.0,143793.0
43_-108_Wyoming,43_-108,43,-108,Wyoming,US,2.3,251470.0
45_-114_Idaho,45_-114,45,-114,Idaho,US,9.2,214045.0
46_-87_Michigan,46_-87,46,-87,Michigan,US,69.0,146435.0
48_-112_Montana,48_-112,48,-112,Montana,US,3.0,376962.0
49_-113_Montana,49_-113,49,-113,Montana,US,3.0,376962.0
49_-101_Manitoba,49_-101,49,-101,Manitoba,CA,2.3,552371.0
50_-100_Manitoba,50_-100,50,-100,Manitoba,CA,2.3,552371.0
58_-159_Alaska,58_-159,58,-159,Alaska,US,0.5,1477953.0
60_-160_Alaska,60_-160,60,-160,Alaska,US,0.5,1477953.0
60_-136_Alaska,60_-136,60,-136,Alaska,US,0.5,1477953.0
61_-134_Yukon,61_-134,61,-134,Yukon,CA,0.08,474712.7
61_-123_Northwest Territories,61_-123,61,-123,Northwest Territories,CA,0.04,1143793.9
62_-140_Yukon,62_-140,62,-140,Yukon,CA,0.08,474712.7
62_-93_Nunavut,62_-93,62,-93,Nunavut,CA,0.02,1877778.5
63_-169_Alaska,63_-169,63,-169,Alaska,US,0.5,1477953.0
64_-139_Yukon,64_-139,64,-139,Yukon,CA,0.08,474712.7
65_-112_Northwest Territories,65_-112,65,-112,Northwest Territories,CA,0.04,1143793.9
71_-149_Alaska,71_-149,71,-149,Alaska,US,0.5,1477953.0
27_-83_Florida,27_-83,27,-83,Florida,US,163.0,138887.0
34_-102_Texas,34_-102,34,-102,Texas,US,45.0,676587.0
34_-81_South Carolina,34_-81,34,-81,South Carolina,US,69.0,77857.0
35_-101_Texas,35_-101,35,-101,Texas,US,45.0,676587.0
35_-98_Oklahoma,35_-98,35,-98,Oklahoma,US,23.0,177660.0
35_-89_Tennessee,35_-89,35,-89,Tennessee,US,67.0,106798.0
35_-83_North Carolina,35_-83,35,-83,North Carolina,US,86.0,125920.0
35_-81_North Carolina,35_-81,35,-81,North Carolina,US,86.0,125920.0
36_-99_Oklahoma,36_-99,36,-99,Oklahoma,US,23.0,177660.0
36_-81_North Carolina,36_-81,36,-81,North Carolina,US,86.0,125920.0
37_-103_New Mexico,37_-103,37,-103,New Mexico,US,6.7,314161.0
42_-121_Oregon,42_-121,42,-121,Oregon,US,17.0,248608.0
43_-97_Nebraska,43_-97,43,-97,Nebraska,US,10.0,198974.0
44_-66_Nova Scotia,44_-66,44,-66,Nova Scotia,CA,18.4,52942.27
54_-110_Alberta,54_-110,54,-110,Alberta,CA,6.7,640330.44
28_-97_Texas,28_-97,28,-97,Texas,US,45.0,676587.0
39_-78_West Virginia,39_-78,39,-78,West Virginia,US,28.0,62259.0
43_-94_Iowa,43_-94,43,-94,Iowa,US,22.0,144669.0
44_-95_Minnesota,44_-95,44,-95,Minnesota,US,28.0,206232.0
45_-96_Minnesota,45_-96,45,-96,Minnesota,US,28.0,206232.0
45_-92_Minnesota,45_-92,45,-92,Minnesota,US,28.0,206232.0
46_-96_Minnesota,46_-96,46,-96,Minnesota,US,28.0,206232.0
47_-72_Quebec,47_-72,47,-72,Quebec,CA,6.5,1542057.0
48_-81_Ontario,48_-81,48,-81,Ontario,CA,15.2,1076395.0
48_-71_Quebec,48_-71,48,-71,Quebec,CA,6.5,1542057.0
49_-72_Quebec,49_-72,49,-72,Quebec,CA,6.5,1542057.0
52_-82_Ontario,52_-82,52,-82,Ontario,CA,15.2,1076395.0
53_-82_Ontario,53_-82,53,-82,Ontario,CA,15.2,1076395.0
55_-84_Ontario,55_-84,55,-84,Ontario,CA,15.2,1076395.0
55_-82_Ontario,55_-82,55,-82,Ontario,CA,15.2,1076395.0
56_-86_Ontario,56_-86,56,-86,Ontario,CA,15.2,1076395.0
57_-89_Ontario,57_-89,57,-89,Ontario,CA,15.2,1076395.0
57_-88_Ontario,57_-88,57,-88,Ontario,CA,15.2,1076395.0
59_-160_Alaska,59_-160,59,-160,Alaska,US,0.5,1477953.0
61_-136_Yukon,61_-136,61,-136,Yukon,CA,0.08,474712.7
61_-124_Northwest Territories,61_-124,61,-124,Northwest Territories,CA,0.04,1143793.9
63_-136_Yukon,63_-136,63,-136,Yukon,CA,0.08,474712.7
63_-134_Yukon,63_-134,63,-134,Yukon,CA,0.08,474712.7
63_-133_Yukon,63_-133,63,-133,Yukon,CA,0.08,474712.7
63_-85_Nunavut,63_-85,63,-85,Nunavut,CA,0.02,1877778.5
64_-135_Yukon,64_-135,64,-135,Yukon,CA,0.08,474712.7
64_-101_Nunavut,64_-101,64,-101,Nunavut,CA,0.02,1877778.5
67_-162_Alaska,67_-162,67,-162,Alaska,US,0.5,1477953.0
67_-157_Alaska,67_-157,67,-157,Alaska,US,0.5,1477953.0
68_-161_Alaska,68_-161,68,-161,Alaska,US,0.5,1477953.0
69_-111_Nunavut,69_-111,69,-111,Nunavut,CA,0.02,1877778.5
30_-96_Texas,30_-96,30,-96,Texas,US,45.0,676587.0
30_-86_Florida,30_-86,30,-86,Florida,US,163.0,138887.0
31_-86_Florida,31_-86,31,-86,Florida,US,163.0,138887.0
32_-84_Georgia,32_-84,32,-84,Georgia,US,74.0,148959.0
35_-85_Georgia,35_-85,35,-85,Georgia,US,74.0,148959.0
36_-117_California,36_-117,36,-117,California,US,97.0,403466.0
36_-115_Nevada,36_-115,36,-115,Nevada,US,11.0,284332.0
36_-100_Oklahoma,36_-100,36,-100,Oklahoma,US,23.0,177660.0
36_-90_Tennessee,36_-90,36,-90,Tennessee,US,67.0,106798.0
39_-95_Missouri,39_-95,39,-95,Missouri,US,35.0,178040.0
40_-106_Colorado,40_-106,40,-106,Colorado,US,22.0,268431.0
41_-94_Iowa,41_-94,41,-94,Iowa,US,22.0,144669.0
42_-84_Ohio,42_-84,42,-84,Ohio,US,111.0,105829.0
44_-118_Oregon,44_-118,44,-118,Oregon,US,17.0,248608.0
44_-117_Oregon,44_-117,44,-117,Oregon,US,17.0,248608.0
44_-73_New York,44_-73,44,-73,New York,US,160.0,122057.0
47_-79_Quebec,47_-79,47,-79,Quebec,CA,6.5,1542057.0
48_-116_Idaho,48_-116,48,-116,Idaho,US,9.2,214045.0
48_-115_Montana,48_-115,48,-115,Montana,US,3.0,376962.0
53_-114_Alberta,53_-114,53,-114,Alberta,CA,6.7,640330.44
54_-123_British Columbia,54_-123,54,-123,British Columbia,CA,5.4,944735.0
42_-73_New York,42_-73,42,-73,New York,US,160.0,122057.0
43_-83_Ontario,43_-83,43,-83,Ontario,CA,15.2,1076395.0
47_-108_Montana,47_-108,47,-108,Montana,US,3.0,376962.0
47_-97_Minnesota,47_-97,47,-97,Minnesota,US,28.0,206232.0
47_-94_Minnesota,47_-94,47,-94,Minnesota,US,28.0,206232.0
47_-93_Minnesota,47_-93,47,-93,Minnesota,US,28.0,206232.0
50_-66_Quebec,50_-66,50,-66,Quebec,CA,6.5,1542057.0
52_-124_British Columbia,52_-124,52,-124,British Columbia,CA,5.4,944735.0
52_-78_Quebec,52_-78,52,-78,Quebec,CA,6.5,1542057.0
54_-111_Alberta,54_-111,54,-111,Alberta,CA,6.7,640330.44
57_-128_British Columbia,57_-128,57,-128,British Columbia,CA,5.4,944735.0
57_-89_Manitoba,57_-89,57,-89,Manitoba,CA,2.3,552371.0
59_-158_Alaska,59_-158,59,-158,Alaska,US,0.5,1477953.0
59_-126_British Columbia,59_-126,59,-126,British Columbia,CA,5.4,944735.0
60_-123_British Columbia,60_-123,60,-123,British Columbia,CA,5.4,944735.0
60_-71_Quebec,60_-71,60,-71,Quebec,CA,6.5,1542057.0
62_-144_Alaska,62_-144,62,-144,Alaska,US,0.5,1477953.0
62_-121_Northwest Territories,62_-121,62,-121,Northwest Territories,CA,0.04,1143793.9
64_-144_Alaska,64_-144,64,-144,Alaska,US,0.5,1477953.0
65_-138_Yukon,65_-138,65,-138,Yukon,CA,0.08,474712.7
65_-128_Northwest Territories,65_-128,65,-128,Northwest Territories,CA,0.04,1143793.9
65_-125_Northwest Territories,65_-125,65,-125,Northwest Territories,CA,0.04,1143793.9
66_-150_Alaska,66_-150,66,-150,Alaska,US,0.5,1477953.0
67_-100_Nunavut,67_-100,67,-100,Nunavut,CA,0.02,1877778.5
68_-159_Alaska,68_-159,68,-159,Alaska,US,0.5,1477953.0
68_-89_Nunavut,68_-89,68,-89,Nunavut,CA,0.02,1877778.5
69_-140_Yukon,69_-140,69,-140,Yukon,CA,0.08,474712.7
69_-121_Northwest Territories,69_-121,69,-121,Northwest Territories,CA,0.04,1143793.9
69_-120_Nunavut,69_-120,69,-120,Nunavut,CA,0.02,1877778.5
69_-104_Nunavut,69_-104,69,-104,Nunavut,CA,0.02,1877778.5
71_-108_Nunavut,71_-108,71,-108,Nunavut,CA,0.02,1877778.5
73_-119_Northwest Territories,73_-119,73,-119,Northwest Territories,CA,0.04,1143793.9
27_-82_Florida,27_-82,27,-82,Florida,US,163.0,138887.0
29_-83_Florida,29_-83,29,-83,Florida,US,163.0,138887.0
32_-104_Texas,32_-104,32,-104,Texas,US,45.0,676587.0
34_-109_Arizona,34_-109,34,-109,Arizona,US,25.0,294207.0
34_-104_New Mexico,34_-104,34,-104,New Mexico,US,6.7,314161.0
34_-98_Texas,34_-98,34,-98,Texas,US,45.0,676587.0
37_-111_Arizona,37_-111,37,-111,Arizona,US,25.0,294207.0
37_-95_Kansas,37_-95,37,-95,Kansas,US,14.0,211754.0
37_-82_Virginia,37_-82,37,-82,Virginia,US,85.0,102279.0
38_-92_Missouri,38_-92,38,-92,Missouri,US,35.0,178040.0
39_-84_Kentucky,39_-84,39,-84,Kentucky,US,44.0,102269.0
39_-82_Ohio,39_-82,39,-82,Ohio,US,111.0,105829.0
40_-94_Missouri,40_-94,40,-94,Missouri,US,35.0,178040.0
40_-91_Missouri,40_-91,40,-91,Missouri,US,35.0,178040.0
41_-85_Ohio,41_-85,41,-85,Ohio,US,111.0,105829.0
42_-123_California,42_-123,42,-123,California,US,97.0,403466.0
42_-113_Utah,42_-113,42,-113,Utah,US,16.0,212818.0
42_-79_Pennsylvania,42_-79,42,-79,Pennsylvania,US,112.0,115883.0
44_-94_Minnesota,44_-94,44,-94,Minnesota,US,28.0,206232.0
50_-126_British Columbia,50_-126,50,-126,British Columbia,CA,5.4,944735.0
51_-128_British Columbia,51_-128,51,-128,British Columbia,CA,5.4,944735.0
27_-80_Florida,27_-80,27,-80,Florida,US,163.0,138887.0
44_-96_Minnesota,44_-96,44,-96,Minnesota,US,28.0,206232.0
47_-97_North Dakota,47_-97,47,-97,North Dakota,US,4.4,178711.0
48_-93_Minnesota,48_-93,48,-93,Minnesota,US,28.0,206232.0
54_-82_Ontario,54_-82,54,-82,Ontario,CA,15.2,1076395.0
60_-128_Yukon,60_-128,60,-128,Yukon,CA,0.08,474712.7
60_-112_Alberta,60_-112,60,-112,Alberta,CA,6.7,640330.44
61_-163_Alaska,61_-163,61,-163,Alaska,US,0.5,1477953.0
61_-140_Yukon,61_-140,61,-140,Yukon,CA,0.08,474712.7
61_-128_Yukon,61_-128,61,-128,Yukon,CA,0.08,474712.7
63_-145_Alaska,63_-145,63,-145,Alaska,US,0.5,1477953.0
67_-90_Nunavut,67_-90,67,-90,Nunavut,CA,0.02,1877778.5
68_-154_Alaska,68_-154,68,-154,Alaska,US,0.5,1477953.0
68_-115_Nunavut,68_-115,68,-115,Nunavut,CA,0.02,1877778.5
69_-109_Nunavut,69_-109,69,-109,Nunavut,CA,0.02,1877778.5
72_-108_Nunavut,72_-108,72,-108,Nunavut,CA,0.02,1877778.5
32_-90_Mississippi,32_-90,32,-90,Mississippi,US,24.0,121531.0
34_-110_Arizona,34_-110,34,-110,Arizona,US,25.0,294207.0
34_-97_Texas,34_-97,34,-97,Texas,US,45.0,676587.0
35_-102_Texas,35_-102,35,-102,Texas,US,45.0,676587.0
35_-88_Alabama,35_-88,35,-88,Alabama,US,39.0,131171.0
36_-102_Texas,36_-102,36,-102,Texas,US,45.0,676587.0
37_-96_Oklahoma,37_-96,37,-96,Oklahoma,US,23.0,177660.0
38_-103_Colorado,38_-103,38,-103,Colorado,US,22.0,268431.0
38_-87_Indiana,38_-87,38,-87,Indiana,US,74.0,92789.0
39_-81_West Virginia,39_-81,39,-81,West Virginia,US,28.0,62259.0
40_-108_Colorado,40_-108,40,-108,Colorado,US,22.0,268431.0
41_-101_Nebraska,41_-101,41,-101,Nebraska,US,10.0,198974.0
41_-100_Nebraska,41_-100,41,-100,Nebraska,US,10.0,198974.0
42_-97_Nebraska,42_-97,42,-97,Nebraska,US,10.0,198974.0
42_-93_Iowa,42_-93,42,-93,Iowa,US,22.0,144669.0
45_-120_Oregon,45_-120,45,-120,Oregon,US,17.0,248608.0
46_-80_Ontario,46_-80,46,-80,Ontario,CA,15.2,1076395.0
42_-111_Idaho,42_-111,42,-111,Idaho,US,9.2,214045.0
43_-100_South Dakota,43_-100,43,-100,South Dakota,US,4.7,196350.0
46_-64_New Brunswick,46_-64,46,-64,New Brunswick,CA,10.9,71388.81
49_-116_Idaho,49_-116,49,-116,Idaho,US,9.2,214045.0
49_-100_Manitoba,49_-100,49,-100,Manitoba,CA,2.3,552371.0
53_-83_Ontario,53_-83,53,-83,Ontario,CA,15.2,1076395.0
56_-159_Alaska,56_-159,56,-159,Alaska,US,0.5,1477953.0
56_-69_Quebec,56_-69,56,-69,Quebec,CA,6.5,1542057.0
57_-156_Alaska,57_-156,57,-156,Alaska,US,0.5,1477953.0
58_-93_Manitoba,58_-93,58,-93,Manitoba,CA,2.3,552371.0
60_-135_Yukon,60_-135,60,-135,Yukon,CA,0.08,474712.7
60_-124_Yukon,60_-124,60,-124,Yukon,CA,0.08,474712.7
62_-83_Nunavut,62_-83,62,-83,Nunavut,CA,0.02,1877778.5
63_-109_Northwest Territories,63_-109,63,-109,Northwest Territories,CA,0.04,1143793.9
64_-145_Alaska,64_-145,64,-145,Alaska,US,0.5,1477953.0
64_-84_Nunavut,64_-84,64,-84,Nunavut,CA,0.02,1877778.5
64_-83_Nunavut,64_-83,64,-83,Nunavut,CA,0.02,1877778.5
64_-68_Nunavut,64_-68,64,-68,Nunavut,CA,0.02,1877778.5
65_-127_Northwest Territories,65_-127,65,-127,Northwest Territories,CA,0.04,1143793.9
65_-123_Northwest Territories,65_-123,65,-123,Northwest Territories,CA,0.04,1143793.9
66_-163_Alaska,66_-163,66,-163,Alaska,US,0.5,1477953.0
66_-152_Alaska,66_-152,66,-152,Alaska,US,0.5,1477953.0
66_-71_Nunavut,66_-71,66,-71,Nunavut,CA,0.02,1877778.5
67_-126_Northwest Territories,67_-126,67,-126,Northwest Territories,CA,0.04,1143793.9
67_-125_Northwest Territories,67_-125,67,-125,Northwest Territories,CA,0.04,1143793.9
68_-164_Alaska,68_-164,68,-164,Alaska,US,0.5,1477953.0
68_-111_Nunavut,68_-111,68,-111,Nunavut,CA,0.02,1877778.5
69_-128_Northwest Territories,69_-128,69,-128,Northwest Territories,CA,0.04,1143793.9
71_-154_Alaska,71_-154,71,-154,Alaska,US,0.5,1477953.0
31_-81_Georgia,31_-81,31,-81,Georgia,US,74.0,148959.0
32_-104_New Mexico,32_-104,32,-104,New Mexico,US,6.7,314161.0
33_-116_California,33_-116,33,-116,California,US,97.0,403466.0
33_-101_Texas,33_-101,33,-101,Texas,US,45.0,676587.0
34_-93_Arkansas,34_-93,34,-93,Arkansas,US,23.0,134771.0
34_-85_Georgia,34_-85,34,-85,Georgia,US,74.0,148959.0
35_-103_New Mexico,35_-103,35,-103,New Mexico,US,6.7,314161.0
36_-110_Arizona,36_-110,36,-110,Arizona,US,25.0,294207.0
36_-101_Texas,36_-101,36,-101,Texas,US,45.0,676587.0
36_-95_Arkansas,36_-95,36,-95,Arkansas,US,23.0,134771.0
36_-93_Arkansas,36_-93,36,-93,Arkansas,US,23.0,134771.0
36_-90_Arkansas,36_-90,36,-90,Arkansas,US,23.0,134771.0
37_-98_Oklahoma,37_-98,37,-98,Oklahoma,US,23.0,177660.0
37_-86_Kentucky,37_-86,37,-86,Kentucky,US,44.0,102269.0
37_-84_Kentucky,37_-84,37,-84,Kentucky,US,44.0,102269.0
38_-94_Missouri,38_-94,38,-94,Missouri,US,35.0,178040.0
38_-85_Kentucky,38_-85,38,-85,Kentucky,US,44.0,102269.0
39_-106_Colorado,39_-106,39,-106,Colorado,US,22.0,268431.0
40_-109_Utah,40_-109,40,-109,Utah,US,16.0,212818.0
40_-79_West Virginia,40_-79,40,-79,West Virginia,US,28.0,62259.0
41_-95_Iowa,41_-95,41,-95,Iowa,US,22.0,144669.0
42_-96_Iowa,42_-96,42,-96,Iowa,US,22.0,144669.0
44_-100_South Dakota,44_-100,44,-100,South Dakota,US,4.7,196350.0
52_-121_British Columbia,52_-121,52,-121,British Columbia,CA,5.4,944735.0
35_-75_North Carolina,35_-75,35,-75,North Carolina,US,86.0,125920.0
41_-86_Indiana,41_-86,41,-86,Indiana,US,74.0,92789.0
43_-101_South Dakota,43_-101,43,-101,South Dakota,US,4.7,196350.0
44_-97_South Dakota,44_-97,44,-97,South Dakota,US,4.7,196350.0
47_-113_Montana,47_-113,47,-113,Montana,US,3.0,376962.0
47_-73_Quebec,47_-73,47,-73,Quebec,CA,6.5,1542057.0
48_-95_Minnesota,48_-95,48,-95,Minnesota,US,28.0,206232.0
49_-68_Quebec,49_-68,49,-68,Quebec,CA,6.5,1542057.0
49_-54_Newfoundland and Labrador,49_-54,49,-54,Newfoundland and Labrador,CA,1.4,370514.1
49_-53_Newfoundland and Labrador,49_-53,49,-53,Newfoundland and Labrador,CA,1.4,370514.1
51_-122_British Columbia,51_-122,51,-122,British Columbia,CA,5.4,944735.0
53_-116_Alberta,53_-116,53,-116,Alberta,CA,6.7,640330.44
54_-117_Alberta,54_-117,54,-117,Alberta,CA,6.7,640330.44
54_-116_Alberta,54_-116,54,-116,Alberta,CA,6.7,640330.44
56_-160_Alaska,56_-160,56,-160,Alaska,US,0.5,1477953.0
58_-118_Alberta,58_-118,58,-118,Alberta,CA,6.7,640330.44
59_-146_Alaska,59_-146,59,-146,Alaska,US,0.5,1477953.0
59_-69_Quebec,59_-69,59,-69,Quebec,CA,6.5,1542057.0
60_-157_Alaska,60_-157,60,-157,Alaska,US,0.5,1477953.0
60_-124_Northwest Territories,60_-124,60,-124,Northwest Territories,CA,0.04,1143793.9
60_-122_Northwest Territories,60_-122,60,-122,Northwest Territories,CA,0.04,1143793.9
61_-145_Alaska,61_-145,61,-145,Alaska,US,0.5,1477953.0
61_-122_Northwest Territories,61_-122,61,-122,Northwest Territories,CA,0.04,1143793.9
62_-126_Northwest Territories,62_-126,62,-126,Northwest Territories,CA,0.04,1143793.9
62_-124_Northwest Territories,62_-124,62,-124,Northwest Territories,CA,0.04,1143793.9
62_-122_Northwest Territories,62_-122,62,-122,Northwest Territories,CA,0.04,1143793.9
63_-131_Yukon,63_-131,63,-131,Yukon,CA,0.08,474712.7
63_-124_Northwest Territories,63_-124,63,-124,Northwest Territories,CA,0.04,1143793.9
63_-123_Northwest Territories,63_-123,63,-123,Northwest Territories,CA,0.04,1143793.9
63_-122_Northwest Territories,63_-122,63,-122,Northwest Territories,CA,0.04,1143793.9
65_-146_Alaska,65_-146,65,-146,Alaska,US,0.5,1477953.0
65_-96_Nunavut,65_-96,65,-96,Nunavut,CA,0.02,1877778.5
66_-153_Alaska,66_-153,66,-153,Alaska,US,0.5,1477953.0
66_-104_Nunavut,66_-104,66,-104,Nunavut,CA,0.02,1877778.5
67_-141_Alaska,67_-141,67,-141,Alaska,US,0.5,1477953.0
68_-105_Nunavut,68_-105,68,-105,Nunavut,CA,0.02,1877778.5
68_-103_Nunavut,68_-103,68,-103,Nunavut,CA,0.02,1877778.5
68_-102_Nunavut,68_-102,68,-102,Nunavut,CA,0.02,1877778.5
69_-149_Alaska,69_-149,69,-149,Alaska,US,0.5,1477953.0
69_-146_Alaska,69_-146,69,-146,Alaska,US,0.5,1477953.0
71_-155_Alaska,71_-155,71,-155,Alaska,US,0.5,1477953.0
30_-82_Florida,30_-82,30,-82,Florida,US,163.0,138887.0
31_-97_Texas,31_-97,31,-97,Texas,US,45.0,676587.0
33_-95_Texas,33_-95,33,-95,Texas,US,45.0,676587.0
35_-111_Arizona,35_-111,35,-111,Arizona,US,25.0,294207.0
36_-96_Oklahoma,36_-96,36,-96,Oklahoma,US,23.0,177660.0
38_-102_Kansas,38_-102,38,-102,Kansas,US,14.0,211754.0
39_-79_Virginia,39_-79,39,-79,Virginia,US,85.0,102279.0
40_-78_Pennsylvania,40_-78,40,-78,Pennsylvania,US,112.0,115883.0
43_-101_Nebraska,43_-101,43,-101,Nebraska,US,10.0,198974.0
43_-73_New Hampshire,43_-73,43,-73,New Hampshire,US,60.0,23187.0
44_-103_South Dakota,44_-103,44,-103,South Dakota,US,4.7,196350.0
44_-91_Minnesota,44_-91,44,-91,Minnesota,US,28.0,206232.0
54_-130_British Columbia,54_-130,54,-130,British Columbia,CA,5.4,944735.0
42_-100_Nebraska,42_-100,42,-100,Nebraska,US,10.0,198974.0
42_-77_Pennsylvania,42_-77,42,-77,Pennsylvania,US,112.0,115883.0
44_-87_Michigan,44_-87,44,-87,Michigan,US,69.0,146435.0
48_-91_Ontario,48_-91,48,-91,Ontario,CA,15.2,1076395.0
50_-93_Ontario,50_-93,50,-93,Ontario,CA,15.2,1076395.0
54_-167_Alaska,54_-167,54,-167,Alaska,US,0.5,1477953.0
54_-101_Manitoba,54_-101,54,-101,Manitoba,CA,2.3,552371.0
55_-121_British Columbia,55_-121,55,-121,British Columbia,CA,5.4,944735.0
58_-158_Alaska,58_-158,58,-158,Alaska,US,0.5,1477953.0
59_-70_Quebec,59_-70,59,-70,Quebec,CA,6.5,1542057.0
60_-162_Alaska,60_-162,60,-162,Alaska,US,0.5,1477953.0
60_-153_Alaska,60_-153,60,-153,Alaska,US,0.5,1477953.0
60_-106_Northwest Territories,60_-106,60,-106,Northwest Territories,CA,0.04,1143793.9
61_-143_Alaska,61_-143,61,-143,Alaska,US,0.5,1477953.0
61_-139_Yukon,61_-139,61,-139,Yukon,CA,0.08,474712.7
62_-165_Alaska,62_-165,62,-165,Alaska,US,0.5,1477953.0
62_-137_Yukon,62_-137,62,-137,Yukon,CA,0.08,474712.7
62_-128_Northwest Territories,62_-128,62,-128,Northwest Territories,CA,0.04,1143793.9
63_-152_Alaska,63_-152,63,-152,Alaska,US,0.5,1477953.0
65_-157_Alaska,65_-157,65,-157,Alaska,US,0.5,1477953.0
65_-147_Alaska,65_-147,65,-147,Alaska,US,0.5,1477953.0
66_-111_Nunavut,66_-111,66,-111,Nunavut,CA,0.02,1877778.5
67_-151_Alaska,67_-151,67,-151,Alaska,US,0.5,1477953.0
67_-127_Northwest Territories,67_-127,67,-127,Northwest Territories,CA,0.04,1143793.9
68_-135_Northwest Territories,68_-135,68,-135,Northwest Territories,CA,0.04,1143793.9
69_-136_Northwest Territories,69_-136,69,-136,Northwest Territories,CA,0.04,1143793.9
71_-110_Northwest Territories,71_-110,71,-110,Northwest Territories,CA,0.04,1143793.9
33_-113_Arizona,33_-113,33,-113,Arizona,US,25.0,294207.0
34_-100_Texas,34_-100,34,-100,Texas,US,45.0,676587.0
35_-115_Arizona,35_-115,35,-115,Arizona,US,25.0,294207.0
37_-95_Missouri,37_-95,37,-95,Missouri,US,35.0,178040.0
37_-86_Tennessee,37_-86,37,-86,Tennessee,US,67.0,106798.0
38_-115_Nevada,38_-115,38,-115,Nevada,US,11.0,284332.0
38_-80_West Virginia,38_-80,38,-80,West Virginia,US,28.0,62259.0
39_-120_California,39_-120,39,-120,California,US,97.0,403466.0
42_-120_California,42_-120,42,-120,California,US,97.0,403466.0
37_-107_New Mexico,37_-107,37,-107,New Mexico,US,6.7,314161.0
41_-75_New York,41_-75,41,-75,New York,US,160.0,122057.0
45_-98_South Dakota,45_-98,45,-98,South Dakota,US,4.7,196350.0
49_-97_Manitoba,49_-97,49,-97,Manitoba,CA,2.3,552371.0
50_-114_Alberta,50_-114,50,-114,Alberta,CA,6.7,640330.44
50_-113_Alberta,50_-113,50,-113,Alberta,CA,6.7,640330.44
51_-117_British Columbia,51_-117,51,-117,British Columbia,CA,5.4,944735.0
59_-134_British Columbia,59_-134,59,-134,British Columbia,CA,5.4,944735.0
60_-136_British Columbia,60_-136,60,-136,British Columbia,CA,5.4,944735.0
63_-129_Northwest Territories,63_-129,63,-129,Northwest Territories,CA,0.04,1143793.9
64_-137_Yukon,64_-137,64,-137,Yukon,CA,0.08,474712.7
64_-126_Northwest Territories,64_-126,64,-126,Northwest Territories,CA,0.04,1143793.9
64_-117_Northwest Territories,64_-117,64,-117,Northwest Territories,CA,0.04,1143793.9
64_-96_Nunavut,64_-96,64,-96,Nunavut,CA,0.02,1877778.5
66_-156_Alaska,66_-156,66,-156,Alaska,US,0.5,1477953.0
66_-115_Nunavut,66_-115,66,-115,Nunavut,CA,0.02,1877778.5
66_-114_Nunavut,66_-114,66,-114,Nunavut,CA,0.02,1877778.5
67_-152_Alaska,67_-152,67,-152,Alaska,US,0.5,1477953.0
67_-115_Nunavut,67_-115,67,-115,Nunavut,CA,0.02,1877778.5
68_-147_Alaska,68_-147,68,-147,Alaska,US,0.5,1477953.0
68_-133_Northwest Territories,68_-133,68,-133,Northwest Territories,CA,0.04,1143793.9
73_-80_Nunavut,73_-80,73,-80,Nunavut,CA,0.02,1877778.5
33_-115_Arizona,33_-115,33,-115,Arizona,US,25.0,294207.0
34_-116_California,34_-116,34,-116,California,US,97.0,403466.0
36_-116_Nevada,36_-116,36,-116,Nevada,US,11.0,284332.0
36_-98_Oklahoma,36_-98,36,-98,Oklahoma,US,23.0,177660.0
37_-108_Colorado,37_-108,37,-108,Colorado,US,22.0,268431.0
41_-109_Colorado,41_-109,41,-109,Colorado,US,22.0,268431.0
41_-106_Wyoming,41_-106,41,-106,Wyoming,US,2.3,251470.0
43_-117_Idaho,43_-117,43,-117,Idaho,US,9.2,214045.0
43_-92_Iowa,43_-92,43,-92,Iowa,US,22.0,144669.0
48_-72_Quebec,48_-72,48,-72,Quebec,CA,6.5,1542057.0
49_-118_Washington,49_-118,49,-118,Washington,US,45.0,172119.0
51_-126_British Columbia,51_-126,51,-126,British Columbia,CA,5.4,944735.0
29_-99_Texas,29_-99,29,-99,Texas,US,45.0,676587.0
37_-114_Nevada,37_-114,37,-114,Nevada,US,11.0,284332.0
41_-115_Nevada,41_-115,41,-115,Nevada,US,11.0,284332.0
43_-100_Nebraska,43_-100,43,-100,Nebraska,US,10.0,198974.0
45_-95_Minnesota,45_-95,45,-95,Minnesota,US,28.0,206232.0
46_-77_Quebec,46_-77,46,-77,Quebec,CA,6.5,1542057.0
47_-92_Wisconsin,47_-92,47,-92,Wisconsin,US,42.0,140268.0
48_-91_Minnesota,48_-91,48,-91,Minnesota,US,28.0,206232.0
49_-119_Washington,49_-119,49,-119,Washington,US,45.0,172119.0
49_-79_Quebec,49_-79,49,-79,Quebec,CA,6.5,1542057.0
49_-78_Quebec,49_-78,49,-78,Quebec,CA,6.5,1542057.0
52_-115_Alberta,52_-115,52,-115,Alberta,CA,6.7,640330.44
55_-128_British Columbia,55_-128,55,-128,British Columbia,CA,5.4,944735.0
55_-118_Alberta,55_-118,55,-118,Alberta,CA,6.7,640330.44
56_-117_Alberta,56_-117,56,-117,Alberta,CA,6.7,640330.44
57_-75_Quebec,57_-75,57,-75,Quebec,CA,6.5,1542057.0
58_-122_British Columbia,58_-122,58,-122,British Columbia,CA,5.4,944735.0
59_-137_British Columbia,59_-137,59,-137,British Columbia,CA,5.4,944735.0
60_-129_Yukon,60_-129,60,-129,Yukon,CA,0.08,474712.7
62_-139_Yukon,62_-139,62,-139,Yukon,CA,0.08,474712.7
62_-97_Nunavut,62_-97,62,-97,Nunavut,CA,0.02,1877778.5
64_-131_Yukon,64_-131,64,-131,Yukon,CA,0.08,474712.7
64_-98_Nunavut,64_-98,64,-98,Nunavut,CA,0.02,1877778.5
64_-97_Nunavut,64_-97,64,-97,Nunavut,CA,0.02,1877778.5
68_-150_Alaska,68_-150,68,-150,Alaska,US,0.5,1477953.0
69_-106_Nunavut,69_-106,69,-106,Nunavut,CA,0.02,1877778.5
70_-153_Alaska,70_-153,70,-153,Alaska,US,0.5,1477953.0
70_-147_Alaska,70_-147,70,-147,Alaska,US,0.5,1477953.0
70_-143_Alaska,70_-143,70,-143,Alaska,US,0.5,1477953.0
71_-150_Alaska,71_-150,71,-150,Alaska,US,0.5,1477953.0
32_-98_Texas,32_-98,32,-98,Texas,US,45.0,676587.0
35_-99_Oklahoma,35_-99,35,-99,Oklahoma,US,23.0,177660.0
35_-96_Oklahoma,35_-96,35,-96,Oklahoma,US,23.0,177660.0
35_-86_Alabama,35_-86,35,-86,Alabama,US,39.0,131171.0
36_-87_Tennessee,36_-87,36,-87,Tennessee,US,67.0,106798.0
37_-101_Oklahoma,37_-101,37,-101,Oklahoma,US,23.0,177660.0
37_-94_Missouri,37_-94,37,-94,Missouri,US,35.0,178040.0
37_-77_North Carolina,37_-77,37,-77,North Carolina,US,86.0,125920.0
40_-110_Utah,40_-110,40,-110,Utah,US,16.0,212818.0
40_-92_Missouri,40_-92,40,-92,Missouri,US,35.0,178040.0
44_-113_Idaho,44_-113,44,-113,Idaho,US,9.2,214045.0
44_-87_Wisconsin,44_-87,44,-87,Wisconsin,US,42.0,140268.0
47_-117_Washington,47_-117,47,-117,Washington,US,45.0,172119.0
49_-117_Washington,49_-117,49,-117,Washington,US,45.0,172119.0
52_-119_British Columbia,52_-119,52,-119,British Columbia,CA,5.4,944735.0
57_-152_Alaska,57_-152,57,-152,Alaska,US,0.5,1477953.0
37_-107_Colorado,37_-107,37,-107,Colorado,US,22.0,268431.0
42_-74_Connecticut,42_-74,42,-74,Connecticut,US,288.0,12542.0
44_-74_New York,44_-74,44,-74,New York,US,160.0,122057.0
46_-89_Michigan,46_-89,46,-89,Michigan,US,69.0,146435.0
47_-87_Michigan,47_-87,47,-87,Michigan,US,69.0,146435.0
48_-94_Minnesota,48_-94,48,-94,Minnesota,US,28.0,206232.0
49_-94_Ontario,49_-94,49,-94,Ontario,CA,15.2,1076395.0
51_-100_Manitoba,51_-100,51,-100,Manitoba,CA,2.3,552371.0
52_-81_Ontario,52_-81,52,-81,Ontario,CA,15.2,1076395.0
56_-118_Alberta,56_-118,56,-118,Alberta,CA,6.7,640330.44
57_-154_Alaska,57_-154,57,-154,Alaska,US,0.5,1477953.0
57_-132_Alaska,57_-132,57,-132,Alaska,US,0.5,1477953.0
58_-72_Quebec,58_-72,58,-72,Quebec,CA,6.5,1542057.0
59_-140_Alaska,59_-140,59,-140,Alaska,US,0.5,1477953.0
61_-164_Alaska,61_-164,61,-164,Alaska,US,0.5,1477953.0
63_-162_Alaska,63_-162,63,-162,Alaska,US,0.5,1477953.0
64_-143_Alaska,64_-143,64,-143,Alaska,US,0.5,1477953.0
64_-99_Nunavut,64_-99,64,-99,Nunavut,CA,0.02,1877778.5
65_-98_Nunavut,65_-98,65,-98,Nunavut,CA,0.02,1877778.5
67_-143_Alaska,67_-143,67,-143,Alaska,US,0.5,1477953.0
69_-150_Alaska,69_-150,69,-150,Alaska,US,0.5,1477953.0
70_-155_Alaska,70_-155,70,-155,Alaska,US,0.5,1477953.0
30_-87_Florida,30_-87,30,-87,Florida,US,163.0,138887.0
32_-95_Texas,32_-95,32,-95,Texas,US,45.0,676587.0
33_-110_Arizona,33_-110,33,-110,Arizona,US,25.0,294207.0
33_-92_Louisiana,33_-92,33,-92,Louisiana,US,41.0,111898.0
33_-82_South Carolina,33_-82,33,-82,South Carolina,US,69.0,77857.0
34_-114_California,34_-114,34,-114,California,US,97.0,403466.0
34_-101_Texas,34_-101,34,-101,Texas,US,45.0,676587.0
34_-99_Oklahoma,34_-99,34,-99,Oklahoma,US,23.0,177660.0
34_-83_Georgia,34_-83,34,-83,Georgia,US,74.0,148959.0
35_-97_Oklahoma,35_-97,35,-97,Oklahoma,US,23.0,177660.0
35_-94_Arkansas,35_-94,35,-94,Arkansas,US,23.0,134771.0
36_-95_Oklahoma,36_-95,36,-95,Oklahoma,US,23.0,177660.0
38_-91_Missouri,38_-91,38,-91,Missouri,US,35.0,178040.0
41_-99_Nebraska,41_-99,41,-99,Nebraska,US,10.0,198974.0
41_-97_Nebraska,41_-97,41,-97,Nebraska,US,10.0,198974.0
46_-117_Washington,46_-117,46,-117,Washington,US,45.0,172119.0
47_-111_Montana,47_-111,47,-111,Montana,US,3.0,376962.0
49_-118_British Columbia,49_-118,49,-118,British Columbia,CA,5.4,944735.0
32_-89_Mississippi,32_-89,32,-89,Mississippi,US,24.0,121531.0
32_-81_Georgia,32_-81,32,-81,Georgia,US,74.0,148959.0
40_-111_Utah,40_-111,40,-111,Utah,US,16.0,212818.0
42_-111_Wyoming,42_-111,42,-111,Wyoming,US,2.3,251470.0
42_-80_New York,42_-80,42,-80,New York,US,160.0,122057.0
43_-96_Iowa,43_-96,43,-96,Iowa,US,22.0,144669.0
45_-87_Michigan,45_-87,45,-87,Michigan,US,69.0,146435.0
46_-110_Montana,46_-110,46,-110,Montana,US,3.0,376962.0
46_-102_South Dakota,46_-102,46,-102,South Dakota,US,4.7,196350.0
47_-91_Minnesota,47_-91,47,-91,Minnesota,US,28.0,206232.0
49_-115_British Columbia,49_-115,49,-115,British Columbia,CA,5.4,944735.0
49_-81_Ontario,49_-81,49,-81,Ontario,CA,15.2,1076395.0
50_-77_Quebec,50_-77,50,-77,Quebec,CA,6.5,1542057.0
53_-169_Alaska,53_-169,53,-169,Alaska,US,0.5,1477953.0
53_-115_Alberta,53_-115,53,-115,Alberta,CA,6.7,640330.44
54_-84_Ontario,54_-84,54,-84,Ontario,CA,15.2,1076395.0
56_-123_British Columbia,56_-123,56,-123,British Columbia,CA,5.4,944735.0
57_-134_Alaska,57_-134,57,-134,Alaska,US,0.5,1477953.0
57_-132_British Columbia,57_-132,57,-132,British Columbia,CA,5.4,944735.0
57_-96_Manitoba,57_-96,57,-96,Manitoba,CA,2.3,552371.0
59_-125_British Columbia,59_-125,59,-125,British Columbia,CA,5.4,944735.0
60_-139_Alaska,60_-139,60,-139,Alaska,US,0.5,1477953.0
60_-127_British Columbia,60_-127,60,-127,British Columbia,CA,5.4,944735.0
61_-129_Yukon,61_-129,61,-129,Yukon,CA,0.08,474712.7
63_-156_Alaska,63_-156,63,-156,Alaska,US,0.5,1477953.0
64_-118_Northwest Territories,64_-118,64,-118,Northwest Territories,CA,0.04,1143793.9
64_-111_Northwest Territories,64_-111,64,-111,Northwest Territories,CA,0.04,1143793.9
65_-119_Northwest Territories,65_-119,65,-119,Northwest Territories,CA,0.04,1143793.9
65_-118_Northwest Territories,65_-118,65,-118,Northwest Territories,CA,0.04,1143793.9
66_-168_Alaska,66_-168,66,-168,Alaska,US,0.5,1477953.0
66_-118_Northwest Territories,66_-118,66,-118,Northwest Territories,CA,0.04,1143793.9
67_-119_Northwest Territories,67_-119,67,-119,Northwest Territories,CA,0.04,1143793.9
67_-118_Nunavut,67_-118,67,-118,Nunavut,CA,0.02,1877778.5
68_-117_Nunavut,68_-117,68,-117,Nunavut,CA,0.02,1877778.5
69_-162_Alaska,69_-162,69,-162,Alaska,US,0.5,1477953.0
69_-161_Alaska,69_-161,69,-161,Alaska,US,0.5,1477953.0
69_-98_Nunavut,69_-98,69,-98,Nunavut,CA,0.02,1877778.5
70_-152_Alaska,70_-152,70,-152,Alaska,US,0.5,1477953.0
31_-87_Florida,31_-87,31,-87,Florida,US,163.0,138887.0
31_-84_Florida,31_-84,31,-84,Florida,US,163.0,138887.0
34_-115_Arizona,34_-115,34,-115,Arizona,US,25.0,294207.0
34_-115_California,34_-115,34,-115,California,US,97.0,403466.0
34_-94_Arkansas,34_-94,34,-94,Arkansas,US,23.0,134771.0
35_-114_Arizona,35_-114,35,-114,Arizona,US,25.0,294207.0
36_-90_Missouri,36_-90,36,-90,Missouri,US,35.0,178040.0
37_-102_Oklahoma,37_-102,37,-102,Oklahoma,US,23.0,177660.0
37_-97_Oklahoma,37_-97,37,-97,Oklahoma,US,23.0,177660.0
37_-92_Missouri,37_-92,37,-92,Missouri,US,35.0,178040.0
38_-100_Kansas,38_-100,38,-100,Kansas,US,14.0,211754.0
38_-88_Illinois,38_-88,38,-88,Illinois,US,87.0,143793.0
49_-120_Washington,49_-120,49,-120,Washington,US,45.0,172119.0
50_-118_British Columbia,50_-118,50,-118,British Columbia,CA,5.4,944735.0
52_-112_Alberta,52_-112,52,-112,Alberta,CA,6.7,640330.44
26_-81_Florida,26_-81,26,-81,Florida,US,163.0,138887.0
29_-100_Texas,29_-100,29,-100,Texas,US,45.0,676587.0
33_-96_Texas,33_-96,33,-96,Texas,US,45.0,676587.0
42_-112_Idaho,42_-112,42,-112,Idaho,US,9.2,214045.0
45_-104_South Dakota,45_-104,45,-104,South Dakota,US,4.7,196350.0
46_-108_Montana,46_-108,46,-108,Montana,US,3.0,376962.0
46_-106_Montana,46_-106,46,-106,Montana,US,3.0,376962.0
46_-92_Minnesota,46_-92,46,-92,Minnesota,US,28.0,206232.0
46_-88_Wisconsin,46_-88,46,-88,Wisconsin,US,42.0,140268.0
48_-92_Minnesota,48_-92,48,-92,Minnesota,US,28.0,206232.0
48_-78_Quebec,48_-78,48,-78,Quebec,CA,6.5,1542057.0
48_-68_Quebec,48_-68,48,-68,Quebec,CA,6.5,1542057.0
49_-95_Manitoba,49_-95,49,-95,Manitoba,CA,2.3,552371.0
50_-96_Manitoba,50_-96,50,-96,Manitoba,CA,2.3,552371.0
51_-97_Manitoba,51_-97,51,-97,Manitoba,CA,2.3,552371.0
53_-96_Manitoba,53_-96,53,-96,Manitoba,CA,2.3,552371.0
54_-93_Ontario,54_-93,54,-93,Ontario,CA,15.2,1076395.0
56_-130_British Columbia,56_-130,56,-130,British Columbia,CA,5.4,944735.0
56_-79_Nunavut,56_-79,56,-79,Nunavut,CA,0.02,1877778.5
57_-136_Alaska,57_-136,57,-136,Alaska,US,0.5,1477953.0
57_-94_Manitoba,57_-94,57,-94,Manitoba,CA,2.3,552371.0
58_-97_Manitoba,58_-97,58,-97,Manitoba,CA,2.3,552371.0
59_-97_Manitoba,59_-97,59,-97,Manitoba,CA,2.3,552371.0
59_-95_Manitoba,59_-95,59,-95,Manitoba,CA,2.3,552371.0
59_-78_Quebec,59_-78,59,-78,Quebec,CA,6.5,1542057.0
59_-77_Quebec,59_-77,59,-77,Quebec,CA,6.5,1542057.0
60_-141_Alaska,60_-141,60,-141,Alaska,US,0.5,1477953.0
60_-140_Alaska,60_-140,60,-140,Alaska,US,0.5,1477953.0
60_-130_Yukon,60_-130,60,-130,Yukon,CA,0.08,474712.7
63_-135_Yukon,63_-135,63,-135,Yukon,CA,0.08,474712.7
63_-116_Northwest Territories,63_-116,63,-116,Northwest Territories,CA,0.04,1143793.9
64_-162_Alaska,64_-162,64,-162,Alaska,US,0.5,1477953.0
64_-104_Northwest Territories,64_-104,64,-104,Northwest Territories,CA,0.04,1143793.9
65_-161_Alaska,65_-161,65,-161,Alaska,US,0.5,1477953.0
66_-149_Alaska,66_-149,66,-149,Alaska,US,0.5,1477953.0
66_-148_Alaska,66_-148,66,-148,Alaska,US,0.5,1477953.0
66_-147_Alaska,66_-147,66,-147,Alaska,US,0.5,1477953.0
66_-68_Nunavut,66_-68,66,-68,Nunavut,CA,0.02,1877778.5
69_-81_Nunavut,69_-81,69,-81,Nunavut,CA,0.02,1877778.5
26_-97_Texas,26_-97,26,-97,Texas,US,45.0,676587.0
31_-101_Texas,31_-101,31,-101,Texas,US,45.0,676587.0
31_-93_Louisiana,31_-93,31,-93,Louisiana,US,41.0,111898.0
31_-84_Georgia,31_-84,31,-84,Georgia,US,74.0,148959.0
32_-86_Alabama,32_-86,32,-86,Alabama,US,39.0,131171.0
33_-87_Alabama,33_-87,33,-87,Alabama,US,39.0,131171.0
34_-97_Oklahoma,34_-97,34,-97,Oklahoma,US,23.0,177660.0
34_-95_Texas,34_-95,34,-95,Texas,US,45.0,676587.0
40_-104_Colorado,40_-104,40,-104,Colorado,US,22.0,268431.0
41_-105_Wyoming,41_-105,41,-105,Wyoming,US,2.3,251470.0
41_-92_Iowa,41_-92,41,-92,Iowa,US,22.0,144669.0
42_-78_Pennsylvania,42_-78,42,-78,Pennsylvania,US,112.0,115883.0
43_-75_New York,43_-75,43,-75,New York,US,160.0,122057.0
44_-107_Wyoming,44_-107,44,-107,Wyoming,US,2.3,251470.0
45_-77_Ontario,45_-77,45,-77,Ontario,CA,15.2,1076395.0
58_-153_Alaska,58_-153,58,-153,Alaska,US,0.5,1477953.0
45_-97_South Dakota,45_-97,45,-97,South Dakota,US,4.7,196350.0
46_-113_Montana,46_-113,46,-113,Montana,US,3.0,376962.0
46_-103_North Dakota,46_-103,46,-103,North Dakota,US,4.4,178711.0
46_-75_Quebec,46_-75,46,-75,Quebec,CA,6.5,1542057.0
48_-90_Minnesota,48_-90,48,-90,Minnesota,US,28.0,206232.0
49_-114_British Columbia,49_-114,49,-114,British Columbia,CA,5.4,944735.0
49_-95_Minnesota,49_-95,49,-95,Minnesota,US,28.0,206232.0
50_-112_Alberta,50_-112,50,-112,Alberta,CA,6.7,640330.44
54_-132_British Columbia,54_-132,54,-132,British Columbia,CA,5.4,944735.0
54_-98_Manitoba,54_-98,54,-98,Manitoba,CA,2.3,552371.0
58_-155_Alaska,58_-155,58,-155,Alaska,US,0.5,1477953.0
60_-155_Alaska,60_-155,60,-155,Alaska,US,0.5,1477953.0
60_-134_Yukon,60_-134,60,-134,Yukon,CA,0.08,474712.7
62_-75_Quebec,62_-75,62,-75,Quebec,CA,6.5,1542057.0
69_-112_Nunavut,69_-112,69,-112,Nunavut,CA,0.02,1877778.5
73_-86_Nunavut,73_-86,73,-86,Nunavut,CA,0.02,1877778.5
73_-85_Nunavut,73_-85,73,-85,Nunavut,CA,0.02,1877778.5
30_-102_Texas,30_-102,30,-102,Texas,US,45.0,676587.0
31_-100_Texas,31_-100,31,-100,Texas,US,45.0,676587.0
32_-99_Texas,32_-99,32,-99,Texas,US,45.0,676587.0
34_-96_Texas,34_-96,34,-96,Texas,US,45.0,676587.0
35_-83_South Carolina,35_-83,35,-83,South Carolina,US,69.0,77857.0
36_-111_Arizona,36_-111,36,-111,Arizona,US,25.0,294207.0
36_-82_Tennessee,36_-82,36,-82,Tennessee,US,67.0,106798.0
37_-100_Kansas,37_-100,37,-100,Kansas,US,14.0,211754.0
37_-96_Kansas,37_-96,37,-96,Kansas,US,14.0,211754.0
37_-91_Missouri,37_-91,37,-91,Missouri,US,35.0,178040.0
37_-87_Tennessee,37_-87,37,-87,Tennessee,US,67.0,106798.0
39_-99_Kansas,39_-99,39,-99,Kansas,US,14.0,211754.0
40_-75_Delaware,40_-75,40,-75,Delaware,US,204.0,5047.0
42_-96_Nebraska,42_-96,42,-96,Nebraska,US,10.0,198974.0
43_-99_South Dakota,43_-99,43,-99,South Dakota,US,4.7,196350.0
43_-97_Iowa,43_-97,43,-97,Iowa,US,22.0,144669.0
43_-97_South Dakota,43_-97,43,-97,South Dakota,US,4.7,196350.0
46_-118_Oregon,46_-118,46,-118,Oregon,US,17.0,248608.0
49_-115_Montana,49_-115,49,-115,Montana,US,3.0,376962.0
49_-58_Newfoundland and Labrador,49_-58,49,-58,Newfoundland and Labrador,CA,1.4,370514.1
53_-132_British Columbia,53_-132,53,-132,British Columbia,CA,5.4,944735.0
53_-122_British Columbia,53_-122,53,-122,British Columbia,CA,5.4,944735.0
54_-109_Saskatchewan,54_-109,54,-109,Saskatchewan,CA,2.0,588243.56
42_-85_Ohio,42_-85,42,-85,Ohio,US,111.0,105829.0
44_-99_South Dakota,44_-99,44,-99,South Dakota,US,4.7,196350.0
46_-103_South Dakota,46_-103,46,-103,South Dakota,US,4.7,196350.0
46_-97_South Dakota,46_-97,46,-97,South Dakota,US,4.7,196350.0
46_-82_Ontario,46_-82,46,-82,Ontario,CA,15.2,1076395.0
47_-98_North Dakota,47_-98,47,-98,North Dakota,US,4.4,178711.0
47_-53_Newfoundland and Labrador,47_-53,47,-53,Newfoundland and Labrador,CA,1.4,370514.1
48_-85_Ontario,48_-85,48,-85,Ontario,CA,15.2,1076395.0
49_-113_Alberta,49_-113,49,-113,Alberta,CA,6.7,640330.44
51_-95_Manitoba,51_-95,51,-95,Manitoba,CA,2.3,552371.0
52_-93_Ontario,52_-93,52,-93,Ontario,CA,15.2,1076395.0
53_-97_Manitoba,53_-97,53,-97,Manitoba,CA,2.3,552371.0
54_-127_British Columbia,54_-127,54,-127,British Columbia,CA,5.4,944735.0
54_-106_Saskatchewan,54_-106,54,-106,Saskatchewan,CA,2.0,588243.56
54_-97_Manitoba,54_-97,54,-97,Manitoba,CA,2.3,552371.0
54_-96_Manitoba,54_-96,54,-96,Manitoba,CA,2.3,552371.0
56_-101_Manitoba,56_-101,56,-101,Manitoba,CA,2.3,552371.0
57_-155_Alaska,57_-155,57,-155,Alaska,US,0.5,1477953.0
57_-93_Manitoba,57_-93,57,-93,Manitoba,CA,2.3,552371.0
60_-131_Yukon,60_-131,60,-131,Yukon,CA,0.08,474712.7
62_-112_Northwest Territories,62_-112,62,-112,Northwest Territories,CA,0.04,1143793.9
67_-155_Alaska,67_-155,67,-155,Alaska,US,0.5,1477953.0
69_-136_Yukon,69_-136,69,-136,Yukon,CA,0.08,474712.7
27_-81_Florida,27_-81,27,-81,Florida,US,163.0,138887.0
32_-96_Texas,32_-96,32,-96,Texas,US,45.0,676587.0
35_-94_Oklahoma,35_-94,35,-94,Oklahoma,US,23.0,177660.0
37_-116_Nevada,37_-116,37,-116,Nevada,US,11.0,284332.0
39_-104_Colorado,39_-104,39,-104,Colorado,US,22.0,268431.0
39_-83_Kentucky,39_-83,39,-83,Kentucky,US,44.0,102269.0
39_-80_Virginia,39_-80,39,-80,Virginia,US,85.0,102279.0
40_-96_Kansas,40_-96,40,-96,Kansas,US,14.0,211754.0
40_-95_Kansas,40_-95,40,-95,Kansas,US,14.0,211754.0
41_-81_West Virginia,41_-81,41,-81,West Virginia,US,28.0,62259.0
42_-116_Nevada,42_-116,42,-116,Nevada,US,11.0,284332.0
42_-78_New York,42_-78,42,-78,New York,US,160.0,122057.0
44_-75_New York,44_-75,44,-75,New York,US,160.0,122057.0
45_-122_Oregon,45_-122,45,-122,Oregon,US,17.0,248608.0
46_-116_Idaho,46_-116,46,-116,Idaho,US,9.2,214045.0
47_-101_North Dakota,47_-101,47,-101,North Dakota,US,4.4,178711.0
47_-81_Ontario,47_-81,47,-81,Ontario,CA,15.2,1076395.0
55_-125_British Columbia,55_-125,55,-125,British Columbia,CA,5.4,944735.0
25_-80_Florida,25_-80,25,-80,Florida,US,163.0,138887.0
29_-90_Louisiana,29_-90,29,-90,Louisiana,US,41.0,111898.0
42_-89_Wisconsin,42_-89,42,-89,Wisconsin,US,42.0,140268.0
42_-88_Wisconsin,42_-88,42,-88,Wisconsin,US,42.0,140268.0
43_-103_South Dakota,43_-103,43,-103,South Dakota,US,4.7,196350.0
43_-99_Nebraska,43_-99,43,-99,Nebraska,US,10.0,198974.0
44_-98_South Dakota,44_-98,44,-98,South Dakota,US,4.7,196350.0
48_-89_Michigan,48_-89,48,-89,Michigan,US,69.0,146435.0
49_-110_Montana,49_-110,49,-110,Montana,US,3.0,376962.0
49_-97_Minnesota,49_-97,49,-97,Minnesota,US,28.0,206232.0
49_-93_Ontario,49_-93,49,-93,Ontario,CA,15.2,1076395.0
49_-92_Ontario,49_-92,49,-92,Ontario,CA,15.2,1076395.0
49_-90_Ontario,49_-90,49,-90,Ontario,CA,15.2,1076395.0
50_-104_Saskatchewan,50_-104,50,-104,Saskatchewan,CA,2.0,588243.56
50_-95_Ontario,50_-95,50,-95,Ontario,CA,15.2,1076395.0
51_-80_Ontario,51_-80,51,-80,Ontario,CA,15.2,1076395.0
52_-117_British Columbia,52_-117,52,-117,British Columbia,CA,5.4,944735.0
52_-96_Manitoba,52_-96,52,-96,Manitoba,CA,2.3,552371.0
56_-116_Alberta,56_-116,56,-116,Alberta,CA,6.7,640330.44
56_-112_Alberta,56_-112,56,-112,Alberta,CA,6.7,640330.44
60_-95_Manitoba,60_-95,60,-95,Manitoba,CA,2.3,552371.0
67_-142_Alaska,67_-142,67,-142,Alaska,US,0.5,1477953.0
68_-167_Alaska,68_-167,68,-167,Alaska,US,0.5,1477953.0
68_-145_Alaska,68_-145,68,-145,Alaska,US,0.5,1477953.0
71_-160_Alaska,71_-160,71,-160,Alaska,US,0.5,1477953.0
71_-159_Alaska,71_-159,71,-159,Alaska,US,0.5,1477953.0
32_-92_Louisiana,32_-92,32,-92,Louisiana,US,41.0,111898.0
34_-114_Arizona,34_-114,34,-114,Arizona,US,25.0,294207.0
35_-114_California,35_-114,35,-114,California,US,97.0,403466.0
37_-99_Kansas,37_-99,37,-99,Kansas,US,14.0,211754.0
41_-114_Utah,41_-114,41,-114,Utah,US,16.0,212818.0
41_-109_Utah,41_-109,41,-109,Utah,US,16.0,212818.0
41_-98_Nebraska,41_-98,41,-98,Nebraska,US,10.0,198974.0
42_-116_Idaho,42_-116,42,-116,Idaho,US,9.2,214045.0
43_-107_Wyoming,43_-107,43,-107,Wyoming,US,2.3,251470.0
45_-100_South Dakota,45_-100,45,-100,South Dakota,US,4.7,196350.0
45_-88_Michigan,45_-88,45,-88,Michigan,US,69.0,146435.0
45_-78_Ontario,45_-78,45,-78,Ontario,CA,15.2,1076395.0
46_-109_Montana,46_-109,46,-109,Montana,US,3.0,376962.0
46_-83_Ontario,46_-83,46,-83,Ontario,CA,15.2,1076395.0
49_-112_Montana,49_-112,49,-112,Montana,US,3.0,376962.0
51_-104_Saskatchewan,51_-104,51,-104,Saskatchewan,CA,2.0,588243.56
51_-102_Saskatchewan,51_-102,51,-102,Saskatchewan,CA,2.0,588243.56
29_-97_Texas,29_-97,29,-97,Texas,US,45.0,676587.0
30_-100_Texas,30_-100,30,-100,Texas,US,45.0,676587.0
30_-97_Texas,30_-97,30,-97,Texas,US,45.0,676587.0
35_-81_South Carolina,35_-81,35,-81,South Carolina,US,69.0,77857.0
41_-109_Wyoming,41_-109,41,-109,Wyoming,US,2.3,251470.0
45_-109_Montana,45_-109,45,-109,Montana,US,3.0,376962.0
48_-84_Ontario,48_-84,48,-84,Ontario,CA,15.2,1076395.0
49_-95_Ontario,49_-95,49,-95,Ontario,CA,15.2,1076395.0
51_-98_Manitoba,51_-98,51,-98,Manitoba,CA,2.3,552371.0
51_-93_Ontario,51_-93,51,-93,Ontario,CA,15.2,1076395.0
53_-106_Saskatchewan,53_-106,53,-106,Saskatchewan,CA,2.0,588243.56
54_-122_British Columbia,54_-122,54,-122,British Columbia,CA,5.4,944735.0
54_-120_Alberta,54_-120,54,-120,Alberta,CA,6.7,640330.44
55_-127_British Columbia,55_-127,55,-127,British Columbia,CA,5.4,944735.0
57_-118_Alberta,57_-118,57,-118,Alberta,CA,6.7,640330.44
57_-116_Alberta,57_-116,57,-116,Alberta,CA,6.7,640330.44
58_-116_Alberta,58_-116,58,-116,Alberta,CA,6.7,640330.44
59_-111_Alberta,59_-111,59,-111,Alberta,CA,6.7,640330.44
60_-132_Yukon,60_-132,60,-132,Yukon,CA,0.08,474712.7
61_-120_Northwest Territories,61_-120,61,-120,Northwest Territories,CA,0.04,1143793.9
62_-108_Northwest Territories,62_-108,62,-108,Northwest Territories,CA,0.04,1143793.9
63_-159_Alaska,63_-159,63,-159,Alaska,US,0.5,1477953.0
63_-130_Yukon,63_-130,63,-130,Yukon,CA,0.08,474712.7
63_-104_Northwest Territories,63_-104,63,-104,Northwest Territories,CA,0.04,1143793.9
63_-103_Northwest Territories,63_-103,63,-103,Northwest Territories,CA,0.04,1143793.9
64_-142_Alaska,64_-142,64,-142,Alaska,US,0.5,1477953.0
65_-158_Alaska,65_-158,65,-158,Alaska,US,0.5,1477953.0
65_-144_Alaska,65_-144,65,-144,Alaska,US,0.5,1477953.0
66_-165_Alaska,66_-165,66,-165,Alaska,US,0.5,1477953.0
66_-144_Alaska,66_-144,66,-144,Alaska,US,0.5,1477953.0
68_-152_Alaska,68_-152,68,-152,Alaska,US,0.5,1477953.0
69_-103_Nunavut,69_-103,69,-103,Nunavut,CA,0.02,1877778.5
72_-124_Northwest Territories,72_-124,72,-124,Northwest Territories,CA,0.04,1143793.9
29_-82_Florida,29_-82,29,-82,Florida,US,163.0,138887.0
30_-93_Louisiana,30_-93,30,-93,Louisiana,US,41.0,111898.0
33_-85_Georgia,33_-85,33,-85,Georgia,US,74.0,148959.0
34_-103_Texas,34_-103,34,-103,Texas,US,45.0,676587.0
35_-84_Georgia,35_-84,35,-84,Georgia,US,74.0,148959.0
36_-115_California,36_-115,36,-115,California,US,97.0,403466.0
37_-98_Kansas,37_-98,37,-98,Kansas,US,14.0,211754.0
38_-95_Missouri,38_-95,38,-95,Missouri,US,35.0,178040.0
39_-119_California,39_-119,39,-119,California,US,97.0,403466.0
40_-101_Nebraska,40_-101,40,-101,Nebraska,US,10.0,198974.0
41_-113_Utah,41_-113,41,-113,Utah,US,16.0,212818.0
42_-91_Illinois,42_-91,42,-91,Illinois,US,87.0,143793.0
45_-108_Montana,45_-108,45,-108,Montana,US,3.0,376962.0
46_-121_Oregon,46_-121,46,-121,Oregon,US,17.0,248608.0
47_-102_North Dakota,47_-102,47,-102,North Dakota,US,4.4,178711.0
47_-100_North Dakota,47_-100,47,-100,North Dakota,US,4.4,178711.0
47_-99_North Dakota,47_-99,47,-99,North Dakota,US,4.4,178711.0
48_-108_Montana,48_-108,48,-108,Montana,US,3.0,376962.0
48_-107_Montana,48_-107,48,-107,Montana,US,3.0,376962.0
48_-106_Montana,48_-106,48,-106,Montana,US,3.0,376962.0
48_-104_Montana,48_-104,48,-104,Montana,US,3.0,376962.0
48_-104_North Dakota,48_-104,48,-104,North Dakota,US,4.4,178711.0
48_-103_North Dakota,48_-103,48,-103,North Dakota,US,4.4,178711.0
48_-101_North Dakota,48_-101,48,-101,North Dakota,US,4.4,178711.0
48_-99_North Dakota,48_-99,48,-99,North Dakota,US,4.4,178711.0
49_-112_Alberta,49_-112,49,-112,Alberta,CA,6.7,640330.44
49_-104_North Dakota,49_-104,49,-104,North Dakota,US,4.4,178711.0
49_-103_Saskatchewan,49_-103,49,-103,Saskatchewan,CA,2.0,588243.56
49_-102_North Dakota,49_-102,49,-102,North Dakota,US,4.4,178711.0
51_-103_Saskatchewan,51_-103,51,-103,Saskatchewan,CA,2.0,588243.56
52_-122_British Columbia,52_-122,52,-122,British Columbia,CA,5.4,944735.0
52_-120_British Columbia,52_-120,52,-120,British Columbia,CA,5.4,944735.0
56_-129_British Columbia,56_-129,56,-129,British Columbia,CA,5.4,944735.0
58_-130_British Columbia,58_-130,58,-130,British Columbia,CA,5.4,944735.0
35_-82_North Carolina,35_-82,35,-82,North Carolina,US,86.0,125920.0
42_-109_Wyoming,42_-109,42,-109,Wyoming,US,2.3,251470.0
43_-105_Wyoming,43_-105,43,-105,Wyoming,US,2.3,251470.0
46_-100_South Dakota,46_-100,46,-100,South Dakota,US,4.7,196350.0
46_-71_Quebec,46_-71,46,-71,Quebec,CA,6.5,1542057.0
50_-95_Manitoba,50_-95,50,-95,Manitoba,CA,2.3,552371.0
50_-94_Ontario,50_-94,50,-94,Ontario,CA,15.2,1076395.0
50_-92_Ontario,50_-92,50,-92,Ontario,CA,15.2,1076395.0
56_-130_Alaska,56_-130,56,-130,Alaska,US,0.5,1477953.0
56_-119_Alberta,56_-119,56,-119,Alberta,CA,6.7,640330.44
59_-154_Alaska,59_-154,59,-154,Alaska,US,0.5,1477953.0
59_-130_British Columbia,59_-130,59,-130,British Columbia,CA,5.4,944735.0
59_-117_Alberta,59_-117,59,-117,Alberta,CA,6.7,640330.44
61_-117_Northwest Territories,61_-117,61,-117,Northwest Territories,CA,0.04,1143793.9
61_-116_Northwest Territories,61_-116,61,-116,Northwest Territories,CA,0.04,1143793.9
61_-77_Quebec,61_-77,61,-77,Quebec,CA,6.5,1542057.0
62_-138_Yukon,62_-138,62,-138,Yukon,CA,0.08,474712.7
62_-80_Nunavut,62_-80,62,-80,Nunavut,CA,0.02,1877778.5
62_-78_Quebec,62_-78,62,-78,Quebec,CA,6.5,1542057.0
62_-77_Quebec,62_-77,62,-77,Quebec,CA,6.5,1542057.0
62_-74_Quebec,62_-74,62,-74,Quebec,CA,6.5,1542057.0
63_-158_Alaska,63_-158,63,-158,Alaska,US,0.5,1477953.0
63_-128_Northwest Territories,63_-128,63,-128,Northwest Territories,CA,0.04,1143793.9
64_-90_Nunavut,64_-90,64,-90,Nunavut,CA,0.02,1877778.5
65_-76_Nunavut,65_-76,65,-76,Nunavut,CA,0.02,1877778.5
68_-163_Alaska,68_-163,68,-163,Alaska,US,0.5,1477953.0
68_-160_Alaska,68_-160,68,-160,Alaska,US,0.5,1477953.0
69_-152_Alaska,69_-152,69,-152,Alaska,US,0.5,1477953.0
70_-154_Alaska,70_-154,70,-154,Alaska,US,0.5,1477953.0
72_-120_Northwest Territories,72_-120,72,-120,Northwest Territories,CA,0.04,1143793.9
72_-94_Nunavut,72_-94,72,-94,Nunavut,CA,0.02,1877778.5
33_-106_New Mexico,33_-106,33,-106,New Mexico,US,6.7,314161.0
33_-102_Texas,33_-102,33,-102,Texas,US,45.0,676587.0
33_-100_Texas,33_-100,33,-100,Texas,US,45.0,676587.0
33_-94_Louisiana,33_-94,33,-94,Louisiana,US,41.0,111898.0
37_-95_Oklahoma,37_-95,37,-95,Oklahoma,US,23.0,177660.0
38_-109_Colorado,38_-109,38,-109,Colorado,US,22.0,268431.0
38_-108_Colorado,38_-108,38,-108,Colorado,US,22.0,268431.0
38_-93_Missouri,38_-93,38,-93,Missouri,US,35.0,178040.0
38_-76_Delaware,38_-76,38,-76,Delaware,US,204.0,5047.0
40_-107_Colorado,40_-107,40,-107,Colorado,US,22.0,268431.0
40_-98_Kansas,40_-98,40,-98,Kansas,US,14.0,211754.0
41_-103_Colorado,41_-103,41,-103,Colorado,US,22.0,268431.0
41_-102_Colorado,41_-102,41,-102,Colorado,US,22.0,268431.0
41_-93_Missouri,41_-93,41,-93,Missouri,US,35.0,178040.0
42_-119_Nevada,42_-119,42,-119,Nevada,US,11.0,284332.0
42_-104_Wyoming,42_-104,42,-104,Wyoming,US,2.3,251470.0
44_-108_Wyoming,44_-108,44,-108,Wyoming,US,2.3,251470.0
44_-105_Wyoming,44_-105,44,-105,Wyoming,US,2.3,251470.0
44_-95_Iowa,44_-95,44,-95,Iowa,US,22.0,144669.0
44_-64_Nova Scotia,44_-64,44,-64,Nova Scotia,CA,18.4,52942.27
45_-76_New York,45_-76,45,-76,New York,US,160.0,122057.0
46_-98_North Dakota,46_-98,46,-98,North Dakota,US,4.4,178711.0
49_-117_Idaho,49_-117,49,-117,Idaho,US,9.2,214045.0
50_-122_British Columbia,50_-122,50,-122,British Columbia,CA,5.4,944735.0
55_-115_Alberta,55_-115,55,-115,Alberta,CA,6.7,640330.44
41_-114_Nevada,41_-114,41,-114,Nevada,US,11.0,284332.0
41_-111_Wyoming,41_-111,41,-111,Wyoming,US,2.3,251470.0
45_-103_South Dakota,45_-103,45,-103,South Dakota,US,4.7,196350.0
45_-74_New York,45_-74,45,-74,New York,US,160.0,122057.0
46_-115_Idaho,46_-115,46,-115,Idaho,US,9.2,214045.0
46_-90_Michigan,46_-90,46,-90,Michigan,US,69.0,146435.0
47_-90_Michigan,47_-90,47,-90,Michigan,US,69.0,146435.0
49_-100_North Dakota,49_-100,49,-100,North Dakota,US,4.4,178711.0
49_-93_Minnesota,49_-93,49,-93,Minnesota,US,28.0,206232.0
49_-91_Ontario,49_-91,49,-91,Ontario,CA,15.2,1076395.0
49_-89_Ontario,49_-89,49,-89,Ontario,CA,15.2,1076395.0
56_-96_Manitoba,56_-96,56,-96,Manitoba,CA,2.3,552371.0
60_-154_Alaska,60_-154,60,-154,Alaska,US,0.5,1477953.0
60_-146_Alaska,60_-146,60,-146,Alaska,US,0.5,1477953.0
60_-102_Saskatchewan,60_-102,60,-102,Saskatchewan,CA,2.0,588243.56
60_-98_Manitoba,60_-98,60,-98,Manitoba,CA,2.3,552371.0
61_-152_Alaska,61_-152,61,-152,Alaska,US,0.5,1477953.0
62_-128_Yukon,62_-128,62,-128,Yukon,CA,0.08,474712.7
63_-160_Alaska,63_-160,63,-160,Alaska,US,0.5,1477953.0
63_-91_Nunavut,63_-91,63,-91,Nunavut,CA,0.02,1877778.5
64_-91_Nunavut,64_-91,64,-91,Nunavut,CA,0.02,1877778.5
65_-154_Alaska,65_-154,65,-154,Alaska,US,0.5,1477953.0
65_-97_Nunavut,65_-97,65,-97,Nunavut,CA,0.02,1877778.5
66_-107_Nunavut,66_-107,66,-107,Nunavut,CA,0.02,1877778.5
67_-73_Nunavut,67_-73,67,-73,Nunavut,CA,0.02,1877778.5
68_-158_Alaska,68_-158,68,-158,Alaska,US,0.5,1477953.0
68_-155_Alaska,68_-155,68,-155,Alaska,US,0.5,1477953.0
68_-116_Nunavut,68_-116,68,-116,Nunavut,CA,0.02,1877778.5
68_-112_Nunavut,68_-112,68,-112,Nunavut,CA,0.02,1877778.5
69_-116_Nunavut,69_-116,69,-116,Nunavut,CA,0.02,1877778.5
69_-115_Nunavut,69_-115,69,-115,Nunavut,CA,0.02,1877778.5
31_-89_Mississippi,31_-89,31,-89,Mississippi,US,24.0,121531.0
31_-86_Alabama,31_-86,31,-86,Alabama,US,39.0,131171.0
31_-82_Georgia,31_-82,31,-82,Georgia,US,74.0,148959.0
32_-88_Alabama,32_-88,32,-88,Alabama,US,39.0,131171.0
35_-100_Texas,35_-100,35,-100,Texas,US,45.0,676587.0
36_-109_Arizona,36_-109,36,-109,Arizona,US,25.0,294207.0
38_-87_Kentucky,38_-87,38,-87,Kentucky,US,44.0,102269.0
39_-81_Ohio,39_-81,39,-81,Ohio,US,111.0,105829.0
40_-102_Colorado,40_-102,40,-102,Colorado,US,22.0,268431.0
40_-96_Missouri,40_-96,40,-96,Missouri,US,35.0,178040.0
40_-96_Nebraska,40_-96,40,-96,Nebraska,US,10.0,198974.0
40_-92_Iowa,40_-92,40,-92,Iowa,US,22.0,144669.0
41_-110_Utah,41_-110,41,-110,Utah,US,16.0,212818.0
41_-81_Pennsylvania,41_-81,41,-81,Pennsylvania,US,112.0,115883.0
42_-106_Wyoming,42_-106,42,-106,Wyoming,US,2.3,251470.0
46_-77_Ontario,46_-77,46,-77,Ontario,CA,15.2,1076395.0
55_-126_British Columbia,55_-126,55,-126,British Columbia,CA,5.4,944735.0
31_-95_Texas,31_-95,31,-95,Texas,US,45.0,676587.0
34_-113_Arizona,34_-113,34,-113,Arizona,US,25.0,294207.0
42_-103_Nebraska,42_-103,42,-103,Nebraska,US,10.0,198974.0
43_-93_Minnesota,43_-93,43,-93,Minnesota,US,28.0,206232.0
43_-70_Maine,43_-70,43,-70,Maine,US,17.0,79883.0
46_-88_Michigan,46_-88,46,-88,Michigan,US,69.0,146435.0
48_-102_North Dakota,48_-102,48,-102,North Dakota,US,4.4,178711.0
49_-101_North Dakota,49_-101,49,-101,North Dakota,US,4.4,178711.0
49_-98_North Dakota,49_-98,49,-98,North Dakota,US,4.4,178711.0
49_-71_Quebec,49_-71,49,-71,Quebec,CA,6.5,1542057.0
50_-127_British Columbia,50_-127,50,-127,British Columbia,CA,5.4,944735.0
50_-115_British Columbia,50_-115,50,-115,British Columbia,CA,5.4,944735.0
50_-103_Saskatchewan,50_-103,50,-103,Saskatchewan,CA,2.0,588243.56
50_-90_Ontario,50_-90,50,-90,Ontario,CA,15.2,1076395.0
51_-99_Manitoba,51_-99,51,-99,Manitoba,CA,2.3,552371.0
51_-95_Ontario,51_-95,51,-95,Ontario,CA,15.2,1076395.0
52_-102_Manitoba,52_-102,52,-102,Manitoba,CA,2.3,552371.0
52_-102_Saskatchewan,52_-102,52,-102,Saskatchewan,CA,2.0,588243.56
53_-124_British Columbia,53_-124,53,-124,British Columbia,CA,5.4,944735.0
54_-112_Alberta,54_-112,54,-112,Alberta,CA,6.7,640330.44
55_-117_Alberta,55_-117,55,-117,Alberta,CA,6.7,640330.44
56_-115_Alberta,56_-115,56,-115,Alberta,CA,6.7,640330.44
57_-160_Alaska,57_-160,57,-160,Alaska,US,0.5,1477953.0
57_-112_Alberta,57_-112,57,-112,Alberta,CA,6.7,640330.44
57_-103_Saskatchewan,57_-103,57,-103,Saskatchewan,CA,2.0,588243.56
58_-154_Alaska,58_-154,58,-154,Alaska,US,0.5,1477953.0
59_-136_British Columbia,59_-136,59,-136,British Columbia,CA,5.4,944735.0
60_-144_Alaska,60_-144,60,-144,Alaska,US,0.5,1477953.0
60_-134_British Columbia,60_-134,60,-134,British Columbia,CA,5.4,944735.0
62_-156_Alaska,62_-156,62,-156,Alaska,US,0.5,1477953.0
62_-131_Yukon,62_-131,62,-131,Yukon,CA,0.08,474712.7
62_-105_Northwest Territories,62_-105,62,-105,Northwest Territories,CA,0.04,1143793.9
63_-105_Northwest Territories,63_-105,63,-105,Northwest Territories,CA,0.04,1143793.9
64_-158_Alaska,64_-158,64,-158,Alaska,US,0.5,1477953.0
64_-147_Alaska,64_-147,64,-147,Alaska,US,0.5,1477953.0
64_-113_Northwest Territories,64_-113,64,-113,Northwest Territories,CA,0.04,1143793.9
65_-155_Alaska,65_-155,65,-155,Alaska,US,0.5,1477953.0
66_-166_Alaska,66_-166,66,-166,Alaska,US,0.5,1477953.0
66_-162_Alaska,66_-162,66,-162,Alaska,US,0.5,1477953.0
66_-161_Alaska,66_-161,66,-161,Alaska,US,0.5,1477953.0
67_-153_Alaska,67_-153,67,-153,Alaska,US,0.5,1477953.0
67_-137_Yukon,67_-137,67,-137,Yukon,CA,0.08,474712.7
69_-160_Alaska,69_-160,69,-160,Alaska,US,0.5,1477953.0
69_-82_Nunavut,69_-82,69,-82,Nunavut,CA,0.02,1877778.5
70_-157_Alaska,70_-157,70,-157,Alaska,US,0.5,1477953.0
70_-141_Alaska,70_-141,70,-141,Alaska,US,0.5,1477953.0
30_-91_Louisiana,30_-91,30,-91,Louisiana,US,41.0,111898.0
31_-91_Louisiana,31_-91,31,-91,Louisiana,US,41.0,111898.0
32_-94_Texas,32_-94,32,-94,Texas,US,45.0,676587.0
33_-115_California,33_-115,33,-115,California,US,97.0,403466.0
33_-111_Arizona,33_-111,33,-111,Arizona,US,25.0,294207.0
34_-103_New Mexico,34_-103,34,-103,New Mexico,US,6.7,314161.0
35_-110_Arizona,35_-110,35,-110,Arizona,US,25.0,294207.0
37_-105_Colorado,37_-105,37,-105,Colorado,US,22.0,268431.0
37_-90_Illinois,37_-90,37,-90,Illinois,US,87.0,143793.0
38_-79_West Virginia,38_-79,38,-79,West Virginia,US,28.0,62259.0
40_-124_California,40_-124,40,-124,California,US,97.0,403466.0
41_-110_Wyoming,41_-110,41,-110,Wyoming,US,2.3,251470.0
41_-96_Missouri,41_-96,41,-96,Missouri,US,35.0,178040.0
41_-95_Missouri,41_-95,41,-95,Missouri,US,35.0,178040.0
47_-109_Montana,47_-109,47,-109,Montana,US,3.0,376962.0
49_-94_Minnesota,49_-94,49,-94,Minnesota,US,28.0,206232.0
53_-121_British Columbia,53_-121,53,-121,British Columbia,CA,5.4,944735.0
55_-164_Alaska,55_-164,55,-164,Alaska,US,0.5,1477953.0
28_-80_Florida,28_-80,28,-80,Florida,US,163.0,138887.0
46_-97_Minnesota,46_-97,46,-97,Minnesota,US,28.0,206232.0
47_-80_Ontario,47_-80,47,-80,Ontario,CA,15.2,1076395.0
48_-109_Montana,48_-109,48,-109,Montana,US,3.0,376962.0
48_-92_Ontario,48_-92,48,-92,Ontario,CA,15.2,1076395.0
49_-97_North Dakota,49_-97,49,-97,North Dakota,US,4.4,178711.0
49_-69_Quebec,49_-69,49,-69,Quebec,CA,6.5,1542057.0
51_-110_Saskatchewan,51_-110,51,-110,Saskatchewan,CA,2.0,588243.56
51_-81_Ontario,51_-81,51,-81,Ontario,CA,15.2,1076395.0
52_-118_British Columbia,52_-118,52,-118,British Columbia,CA,5.4,944735.0
52_-105_Saskatchewan,52_-105,52,-105,Saskatchewan,CA,2.0,588243.56
52_-99_Manitoba,52_-99,52,-99,Manitoba,CA,2.3,552371.0
52_-95_Ontario,52_-95,52,-95,Ontario,CA,15.2,1076395.0
53_-123_British Columbia,53_-123,53,-123,British Columbia,CA,5.4,944735.0
55_-162_Alaska,55_-162,55,-162,Alaska,US,0.5,1477953.0
55_-98_Manitoba,55_-98,55,-98,Manitoba,CA,2.3,552371.0
55_-86_Ontario,55_-86,55,-86,Ontario,CA,15.2,1076395.0
56_-98_Manitoba,56_-98,56,-98,Manitoba,CA,2.3,552371.0
57_-111_Alberta,57_-111,57,-111,Alberta,CA,6.7,640330.44
57_-89_Nunavut,57_-89,57,-89,Nunavut,CA,0.02,1877778.5
58_-105_Saskatchewan,58_-105,58,-105,Saskatchewan,CA,2.0,588243.56
59_-139_Alaska,59_-139,59,-139,Alaska,US,0.5,1477953.0
59_-79_Quebec,59_-79,59,-79,Quebec,CA,6.5,1542057.0
60_-165_Alaska,60_-165,60,-165,Alaska,US,0.5,1477953.0
60_-132_British Columbia,60_-132,60,-132,British Columbia,CA,5.4,944735.0
61_-118_Northwest Territories,61_-118,61,-118,Northwest Territories,CA,0.04,1143793.9
62_-134_Yukon,62_-134,62,-134,Yukon,CA,0.08,474712.7
63_-139_Yukon,63_-139,63,-139,Yukon,CA,0.08,474712.7
63_-138_Yukon,63_-138,63,-138,Yukon,CA,0.08,474712.7
64_-103_Nunavut,64_-103,64,-103,Nunavut,CA,0.02,1877778.5
65_-163_Alaska,65_-163,65,-163,Alaska,US,0.5,1477953.0
65_-136_Yukon,65_-136,65,-136,Yukon,CA,0.08,474712.7
66_-167_Alaska,66_-167,66,-167,Alaska,US,0.5,1477953.0
66_-164_Alaska,66_-164,66,-164,Alaska,US,0.5,1477953.0
67_-154_Alaska,67_-154,67,-154,Alaska,US,0.5,1477953.0
67_-145_Alaska,67_-145,67,-145,Alaska,US,0.5,1477953.0
70_-161_Alaska,70_-161,70,-161,Alaska,US,0.5,1477953.0
70_-160_Alaska,70_-160,70,-160,Alaska,US,0.5,1477953.0
25_-81_Florida,25_-81,25,-81,Florida,US,163.0,138887.0
31_-105_Texas,31_-105,31,-105,Texas,US,45.0,676587.0
31_-104_Texas,31_-104,31,-104,Texas,US,45.0,676587.0
31_-83_Georgia,31_-83,31,-83,Georgia,US,74.0,148959.0
33_-90_Mississippi,33_-90,33,-90,Mississippi,US,24.0,121531.0
37_-112_Arizona,37_-112,37,-112,Arizona,US,25.0,294207.0
38_-89_Missouri,38_-89,38,-89,Missouri,US,35.0,178040.0
39_-111_Utah,39_-111,39,-111,Utah,US,16.0,212818.0
41_-92_Missouri,41_-92,41,-92,Missouri,US,35.0,178040.0
42_-114_Idaho,42_-114,42,-114,Idaho,US,9.2,214045.0
42_-81_Ontario,42_-81,42,-81,Ontario,CA,15.2,1076395.0
43_-66_Nova Scotia,43_-66,43,-66,Nova Scotia,CA,18.4,52942.27
47_-116_Idaho,47_-116,47,-116,Idaho,US,9.2,214045.0
47_-62_Quebec,47_-62,47,-62,Quebec,CA,6.5,1542057.0
48_-59_Newfoundland and Labrador,48_-59,48,-59,Newfoundland and Labrador,CA,1.4,370514.1
49_-116_British Columbia,49_-116,49,-116,British Columbia,CA,5.4,944735.0
46_-107_Montana,46_-107,46,-107,Montana,US,3.0,376962.0
47_-85_Ontario,47_-85,47,-85,Ontario,CA,15.2,1076395.0
48_-90_Ontario,48_-90,48,-90,Ontario,CA,15.2,1076395.0
50_-89_Ontario,50_-89,50,-89,Ontario,CA,15.2,1076395.0
51_-90_Ontario,51_-90,51,-90,Ontario,CA,15.2,1076395.0
51_-89_Ontario,51_-89,51,-89,Ontario,CA,15.2,1076395.0
52_-97_Manitoba,52_-97,52,-97,Manitoba,CA,2.3,552371.0
54_-118_Alberta,54_-118,54,-118,Alberta,CA,6.7,640330.44
54_-105_Saskatchewan,54_-105,54,-105,Saskatchewan,CA,2.0,588243.56
55_-67_Quebec,55_-67,55,-67,Quebec,CA,6.5,1542057.0
58_-117_Alberta,58_-117,58,-117,Alberta,CA,6.7,640330.44
60_-164_Alaska,60_-164,60,-164,Alaska,US,0.5,1477953.0
64_-110_Northwest Territories,64_-110,64,-110,Northwest Territories,CA,0.04,1143793.9
34_-96_Oklahoma,34_-96,34,-96,Oklahoma,US,23.0,177660.0
34_-86_Alabama,34_-86,34,-86,Alabama,US,39.0,131171.0
35_-80_South Carolina,35_-80,35,-80,South Carolina,US,69.0,77857.0
37_-109_Colorado,37_-109,37,-109,Colorado,US,22.0,268431.0
38_-106_Colorado,38_-106,38,-106,Colorado,US,22.0,268431.0
39_-110_Utah,39_-110,39,-110,Utah,US,16.0,212818.0
39_-101_Kansas,39_-101,39,-101,Kansas,US,14.0,211754.0
39_-100_Kansas,39_-100,39,-100,Kansas,US,14.0,211754.0
41_-107_Wyoming,41_-107,41,-107,Wyoming,US,2.3,251470.0
43_-98_South Dakota,43_-98,43,-98,South Dakota,US,4.7,196350.0
45_-119_Oregon,45_-119,45,-119,Oregon,US,17.0,248608.0
45_-107_Montana,45_-107,45,-107,Montana,US,3.0,376962.0
47_-90_Wisconsin,47_-90,47,-90,Wisconsin,US,42.0,140268.0
49_-87_Ontario,49_-87,49,-87,Ontario,CA,15.2,1076395.0
49_-73_Quebec,49_-73,49,-73,Quebec,CA,6.5,1542057.0
50_-107_Saskatchewan,50_-107,50,-107,Saskatchewan,CA,2.0,588243.56
50_-101_Manitoba,50_-101,50,-101,Manitoba,CA,2.3,552371.0
51_-115_British Columbia,51_-115,51,-115,British Columbia,CA,5.4,944735.0
51_-101_Manitoba,51_-101,51,-101,Manitoba,CA,2.3,552371.0
51_-94_Ontario,51_-94,51,-94,Ontario,CA,15.2,1076395.0
52_-101_Manitoba,52_-101,52,-101,Manitoba,CA,2.3,552371.0
52_-87_Ontario,52_-87,52,-87,Ontario,CA,15.2,1076395.0
53_-86_Ontario,53_-86,53,-86,Ontario,CA,15.2,1076395.0
56_-111_Alberta,56_-111,56,-111,Alberta,CA,6.7,640330.44
56_-97_Manitoba,56_-97,56,-97,Manitoba,CA,2.3,552371.0
57_-117_Alberta,57_-117,57,-117,Alberta,CA,6.7,640330.44
57_-92_Manitoba,57_-92,57,-92,Manitoba,CA,2.3,552371.0
58_-108_Saskatchewan,58_-108,58,-108,Saskatchewan,CA,2.0,588243.56
59_-153_Alaska,59_-153,59,-153,Alaska,US,0.5,1477953.0
59_-129_British Columbia,59_-129,59,-129,British Columbia,CA,5.4,944735.0
59_-108_Saskatchewan,59_-108,59,-108,Saskatchewan,CA,2.0,588243.56
60_-129_British Columbia,60_-129,60,-129,British Columbia,CA,5.4,944735.0
61_-156_Alaska,61_-156,61,-156,Alaska,US,0.5,1477953.0
62_-132_Yukon,62_-132,62,-132,Yukon,CA,0.08,474712.7
62_-76_Quebec,62_-76,62,-76,Quebec,CA,6.5,1542057.0
63_-155_Alaska,63_-155,63,-155,Alaska,US,0.5,1477953.0
66_-160_Alaska,66_-160,66,-160,Alaska,US,0.5,1477953.0
67_-160_Alaska,67_-160,67,-160,Alaska,US,0.5,1477953.0
68_-156_Alaska,68_-156,68,-156,Alaska,US,0.5,1477953.0
69_-145_Alaska,69_-145,69,-145,Alaska,US,0.5,1477953.0
26_-98_Texas,26_-98,26,-98,Texas,US,45.0,676587.0
32_-103_New Mexico,32_-103,32,-103,New Mexico,US,6.7,314161.0
32_-80_South Carolina,32_-80,32,-80,South Carolina,US,69.0,77857.0
35_-95_Oklahoma,35_-95,35,-95,Oklahoma,US,23.0,177660.0
35_-86_Tennessee,35_-86,35,-86,Tennessee,US,67.0,106798.0
37_-112_Utah,37_-112,37,-112,Utah,US,16.0,212818.0
37_-106_Colorado,37_-106,37,-106,Colorado,US,22.0,268431.0
37_-99_Oklahoma,37_-99,37,-99,Oklahoma,US,23.0,177660.0
38_-82_Ohio,38_-82,38,-82,Ohio,US,111.0,105829.0
40_-100_Nebraska,40_-100,40,-100,Nebraska,US,10.0,198974.0
40_-97_Nebraska,40_-97,40,-97,Nebraska,US,10.0,198974.0
41_-119_Nevada,41_-119,41,-119,Nevada,US,11.0,284332.0
41_-118_Nevada,41_-118,41,-118,Nevada,US,11.0,284332.0
41_-94_Missouri,41_-94,41,-94,Missouri,US,35.0,178040.0
42_-115_Idaho,42_-115,42,-115,Idaho,US,9.2,214045.0
42_-107_Wyoming,42_-107,42,-107,Wyoming,US,2.3,251470.0
42_-105_Wyoming,42_-105,42,-105,Wyoming,US,2.3,251470.0
42_-104_Nebraska,42_-104,42,-104,Nebraska,US,10.0,198974.0
42_-96_South Dakota,42_-96,42,-96,South Dakota,US,4.7,196350.0
50_-128_British Columbia,50_-128,50,-128,British Columbia,CA,5.4,944735.0
55_-110_Alberta,55_-110,55,-110,Alberta,CA,6.7,640330.44
44_-101_South Dakota,44_-101,44,-101,South Dakota,US,4.7,196350.0
46_-99_South Dakota,46_-99,46,-99,South Dakota,US,4.7,196350.0
48_-100_North Dakota,48_-100,48,-100,North Dakota,US,4.4,178711.0
49_-98_Manitoba,49_-98,49,-98,Manitoba,CA,2.3,552371.0
49_-80_Ontario,49_-80,49,-80,Ontario,CA,15.2,1076395.0
50_-88_Ontario,50_-88,50,-88,Ontario,CA,15.2,1076395.0
50_-87_Ontario,50_-87,50,-87,Ontario,CA,15.2,1076395.0
51_-106_Saskatchewan,51_-106,51,-106,Saskatchewan,CA,2.0,588243.56
51_-91_Ontario,51_-91,51,-91,Ontario,CA,15.2,1076395.0
52_-116_Alberta,52_-116,52,-116,Alberta,CA,6.7,640330.44
52_-91_Ontario,52_-91,52,-91,Ontario,CA,15.2,1076395.0
52_-85_Ontario,52_-85,52,-85,Ontario,CA,15.2,1076395.0
52_-80_Ontario,52_-80,52,-80,Ontario,CA,15.2,1076395.0
53_-129_British Columbia,53_-129,53,-129,British Columbia,CA,5.4,944735.0
53_-125_British Columbia,53_-125,53,-125,British Columbia,CA,5.4,944735.0
53_-80_Nunavut,53_-80,53,-80,Nunavut,CA,0.02,1877778.5
54_-119_Alberta,54_-119,54,-119,Alberta,CA,6.7,640330.44
54_-110_Saskatchewan,54_-110,54,-110,Saskatchewan,CA,2.0,588243.56
54_-102_Manitoba,54_-102,54,-102,Manitoba,CA,2.3,552371.0
55_-124_British Columbia,55_-124,55,-124,British Columbia,CA,5.4,944735.0
55_-114_Alberta,55_-114,55,-114,Alberta,CA,6.7,640330.44
55_-105_Saskatchewan,55_-105,55,-105,Saskatchewan,CA,2.0,588243.56
55_-94_Manitoba,55_-94,55,-94,Manitoba,CA,2.3,552371.0
55_-80_Nunavut,55_-80,55,-80,Nunavut,CA,0.02,1877778.5
55_-80_Quebec,55_-80,55,-80,Quebec,CA,6.5,1542057.0
55_-79_Quebec,55_-79,55,-79,Quebec,CA,6.5,1542057.0
57_-130_British Columbia,57_-130,57,-130,British Columbia,CA,5.4,944735.0
57_-119_Alberta,57_-119,57,-119,Alberta,CA,6.7,640330.44
57_-98_Manitoba,57_-98,57,-98,Manitoba,CA,2.3,552371.0
57_-79_Nunavut,57_-79,57,-79,Nunavut,CA,0.02,1877778.5
58_-78_Nunavut,58_-78,58,-78,Nunavut,CA,0.02,1877778.5
58_-77_Quebec,58_-77,58,-77,Quebec,CA,6.5,1542057.0
61_-132_Yukon,61_-132,61,-132,Yukon,CA,0.08,474712.7
62_-152_Alaska,62_-152,62,-152,Alaska,US,0.5,1477953.0
63_-108_Northwest Territories,63_-108,63,-108,Northwest Territories,CA,0.04,1143793.9
64_-125_Northwest Territories,64_-125,64,-125,Northwest Territories,CA,0.04,1143793.9
64_-105_Northwest Territories,64_-105,64,-105,Northwest Territories,CA,0.04,1143793.9
64_-103_Northwest Territories,64_-103,64,-103,Northwest Territories,CA,0.04,1143793.9
66_-137_Yukon,66_-137,66,-137,Yukon,CA,0.08,474712.7
67_-159_Alaska,67_-159,67,-159,Alaska,US,0.5,1477953.0
67_-158_Alaska,67_-158,67,-158,Alaska,US,0.5,1477953.0
67_-156_Alaska,67_-156,67,-156,Alaska,US,0.5,1477953.0
68_-165_Alaska,68_-165,68,-165,Alaska,US,0.5,1477953.0
68_-162_Alaska,68_-162,68,-162,Alaska,US,0.5,1477953.0
68_-151_Alaska,68_-151,68,-151,Alaska,US,0.5,1477953.0
68_-77_Nunavut,68_-77,68,-77,Nunavut,CA,0.02,1877778.5
70_-104_Nunavut,70_-104,70,-104,Nunavut,CA,0.02,1877778.5
31_-90_Louisiana,31_-90,31,-90,Louisiana,US,41.0,111898.0
32_-107_Texas,32_-107,32,-107,Texas,US,45.0,676587.0
33_-108_New Mexico,33_-108,33,-108,New Mexico,US,6.7,314161.0
35_-108_New Mexico,35_-108,35,-108,New Mexico,US,6.7,314161.0
35_-83_Georgia,35_-83,35,-83,Georgia,US,74.0,148959.0
40_-99_Kansas,40_-99,40,-99,Kansas,US,14.0,211754.0
40_-98_Nebraska,40_-98,40,-98,Nebraska,US,10.0,198974.0
40_-97_Kansas,40_-97,40,-97,Kansas,US,14.0,211754.0
40_-92_Illinois,40_-92,40,-92,Illinois,US,87.0,143793.0
44_-69_Maine,44_-69,44,-69,Maine,US,17.0,79883.0
45_-69_Maine,45_-69,45,-69,Maine,US,17.0,79883.0
52_-127_British Columbia,52_-127,52,-127,British Columbia,CA,5.4,944735.0
53_-112_Alberta,53_-112,53,-112,Alberta,CA,6.7,640330.44
54_-126_British Columbia,54_-126,54,-126,British Columbia,CA,5.4,944735.0
38_-107_Colorado,38_-107,38,-107,Colorado,US,22.0,268431.0
45_-107_Wyoming,45_-107,45,-107,Wyoming,US,2.3,251470.0
45_-74_Ontario,45_-74,45,-74,Ontario,CA,15.2,1076395.0
47_-103_North Dakota,47_-103,47,-103,North Dakota,US,4.4,178711.0
48_-110_Montana,48_-110,48,-110,Montana,US,3.0,376962.0
50_-91_Ontario,50_-91,50,-91,Ontario,CA,15.2,1076395.0
50_-84_Ontario,50_-84,50,-84,Ontario,CA,15.2,1076395.0
52_-113_Alberta,52_-113,52,-113,Alberta,CA,6.7,640330.44
52_-90_Ontario,52_-90,52,-90,Ontario,CA,15.2,1076395.0
52_-86_Ontario,52_-86,52,-86,Ontario,CA,15.2,1076395.0
53_-99_Manitoba,53_-99,53,-99,Manitoba,CA,2.3,552371.0
53_-93_Ontario,53_-93,53,-93,Ontario,CA,15.2,1076395.0
53_-89_Ontario,53_-89,53,-89,Ontario,CA,15.2,1076395.0
53_-87_Ontario,53_-87,53,-87,Ontario,CA,15.2,1076395.0
54_-99_Manitoba,54_-99,54,-99,Manitoba,CA,2.3,552371.0
54_-91_Ontario,54_-91,54,-91,Ontario,CA,15.2,1076395.0
54_-90_Ontario,54_-90,54,-90,Ontario,CA,15.2,1076395.0
54_-89_Ontario,54_-89,54,-89,Ontario,CA,15.2,1076395.0
54_-88_Ontario,54_-88,54,-88,Ontario,CA,15.2,1076395.0
54_-87_Ontario,54_-87,54,-87,Ontario,CA,15.2,1076395.0
55_-100_Manitoba,55_-100,55,-100,Manitoba,CA,2.3,552371.0
55_-99_Manitoba,55_-99,55,-99,Manitoba,CA,2.3,552371.0
55_-96_Manitoba,55_-96,55,-96,Manitoba,CA,2.3,552371.0
55_-95_Manitoba,55_-95,55,-95,Manitoba,CA,2.3,552371.0
55_-92_Ontario,55_-92,55,-92,Ontario,CA,15.2,1076395.0
55_-91_Ontario,55_-91,55,-91,Ontario,CA,15.2,1076395.0
55_-89_Ontario,55_-89,55,-89,Ontario,CA,15.2,1076395.0
55_-79_Nunavut,55_-79,55,-79,Nunavut,CA,0.02,1877778.5
56_-114_Alberta,56_-114,56,-114,Alberta,CA,6.7,640330.44
56_-94_Manitoba,56_-94,56,-94,Manitoba,CA,2.3,552371.0
57_-123_British Columbia,57_-123,57,-123,British Columbia,CA,5.4,944735.0
58_-132_British Columbia,58_-132,58,-132,British Columbia,CA,5.4,944735.0
59_-133_British Columbia,59_-133,59,-133,British Columbia,CA,5.4,944735.0
59_-119_Alberta,59_-119,59,-119,Alberta,CA,6.7,640330.44
59_-118_Alberta,59_-118,59,-118,Alberta,CA,6.7,640330.44
59_-116_Alberta,59_-116,59,-116,Alberta,CA,6.7,640330.44
59_-99_Manitoba,59_-99,59,-99,Manitoba,CA,2.3,552371.0
60_-163_Alaska,60_-163,60,-163,Alaska,US,0.5,1477953.0
60_-117_Alberta,60_-117,60,-117,Alberta,CA,6.7,640330.44
60_-117_Northwest Territories,60_-117,60,-117,Northwest Territories,CA,0.04,1143793.9
61_-133_Yukon,61_-133,61,-133,Yukon,CA,0.08,474712.7
62_-135_Yukon,62_-135,62,-135,Yukon,CA,0.08,474712.7
62_-106_Northwest Territories,62_-106,62,-106,Northwest Territories,CA,0.04,1143793.9
63_-163_Alaska,63_-163,63,-163,Alaska,US,0.5,1477953.0
63_-110_Northwest Territories,63_-110,63,-110,Northwest Territories,CA,0.04,1143793.9
64_-141_Alaska,64_-141,64,-141,Alaska,US,0.5,1477953.0
65_-167_Alaska,65_-167,65,-167,Alaska,US,0.5,1477953.0
65_-142_Alaska,65_-142,65,-142,Alaska,US,0.5,1477953.0
65_-141_Alaska,65_-141,65,-141,Alaska,US,0.5,1477953.0
65_-73_Nunavut,65_-73,65,-73,Nunavut,CA,0.02,1877778.5
67_-161_Alaska,67_-161,67,-161,Alaska,US,0.5,1477953.0
68_-142_Alaska,68_-142,68,-142,Alaska,US,0.5,1477953.0
69_-110_Nunavut,69_-110,69,-110,Nunavut,CA,0.02,1877778.5
70_-111_Nunavut,70_-111,70,-111,Nunavut,CA,0.02,1877778.5
70_-110_Nunavut,70_-110,70,-110,Nunavut,CA,0.02,1877778.5
70_-105_Nunavut,70_-105,70,-105,Nunavut,CA,0.02,1877778.5
70_-97_Nunavut,70_-97,70,-97,Nunavut,CA,0.02,1877778.5
70_-96_Nunavut,70_-96,70,-96,Nunavut,CA,0.02,1877778.5
70_-94_Nunavut,70_-94,70,-94,Nunavut,CA,0.02,1877778.5
70_-93_Nunavut,70_-93,70,-93,Nunavut,CA,0.02,1877778.5
71_-152_Alaska,71_-152,71,-152,Alaska,US,0.5,1477953.0
71_-109_Nunavut,71_-109,71,-109,Nunavut,CA,0.02,1877778.5
71_-106_Nunavut,71_-106,71,-106,Nunavut,CA,0.02,1877778.5
74_-94_Nunavut,74_-94,74,-94,Nunavut,CA,0.02,1877778.5
